id,code,client_id,master_ref_id,name_en,name_np,parent_id,federal_level_type_id,description,status,is_current,created_by,created_on,updated_by,updated_on,deleted_by,deleted_on,is_deleted,deleted_uq_code,is_old_data,client_ward
3075,2481,1,,Basbariya Rural Municipality,बसबरिया गाउँपालिका,2026,4,,t,t,,,,,,,f,1,f,
3076,2482,1,,Kodena Rural Municipality,कोडैना गाउँपालिका,2026,4,,t,t,,,,,,,f,1,f,
3077,2483,1,,Parsa Rural Municipality,पर्सा गाउँपालिका,2026,4,,t,t,,,,,,,f,1,f,
2007,2007,1,,Sudur Paschim Province,सुदूर पश्चिम प्रदेश,,2,,t,t,,,,,,,f,1,f,
2374,2374,1,,Manara Shisawa Municipaltiy,मनरा शिसवा नगरपालिका,2025,5,,t,t,,,,,,,f,1,f,
2356,2356,1,,Bardibas  Municipaltiy,बर्दिबास नगरपालिका,2025,5,,t,t,,,,,,,f,1,f,
2375,2375,1,,Matihani Municipaltiy,मटिहानी नगरपालिका,2025,5,,t,t,,,,,,,f,1,f,
2104,2104,1,,Maee Municipality,माई नगरपालिका,2010,5,,t,t,,,,,,,f,1,f,
2112,2112,1,,Mechinagar Municipality,मेचिनगर नगरपालिका,2019,5,,t,t,,,,,,,f,1,f,
2113,2113,1,,Kankai municipality,कन्काई नगरपालिका,2019,5,,t,t,,,,,,,f,1,f,
2152,2152,1,,Inaruwa Muncipality,ईनरूवा नगरपालिका,2021,5,,t,t,,,,,,,f,1,f,
2155,2155,1,,Ramdhuni Municipality,रामधुनी नगरपालिका,2021,5,,t,t,,,,,,,f,1,f,
2506,2506,1,,Barabise Municipality,बाह्रबिसे नगरपालिका,2034,5,,t,t,,,,,,,f,1,f,
2507,2507,1,,Melamchi Municipality,मेलम्ची नगरपालिका,2034,5,,t,t,,,,,,,f,1,f,
3011,3011,1,,Jaimini Municipality,जैमिनी नगरपालिका,2052,5,,t,t,,,,,,,f,1,f,
2139,2139,1,,Tulshipur SMC,तुल्सीपुर उप-महानगरपालिका,2063,6,,t,t,,,,,,,f,1,f,
2145,2145,1,,Ghorahi SMC,घोराही उप-महानगरपालिका,2063,6,,t,t,,,,,,,f,1,f,
2170,2170,1,,Nepalgunj SMC,नेपालगंज उप-महानगरपालिका,2064,6,,t,t,,,,,,,f,1,f,
2675,2675,1,,Dhangadi SMC,धनगढी उपमहानगरपालिका,2084,6,,t,t,,,,,,,f,1,f,
2595,2595,1,,Kathmandu Metropolian,काठमाण्डौ महानगरपालिका,2042,7,,t,t,,,,,,,f,1,f,
2085,2085,1,,Fungling Municipality,फुङलिङ नगरपालिका,2008,5,,t,t,,,,,,,f,1,f,
2102,2102,1,,Ilam  Municipaltiy,ईलाम नगरपालिका,2010,5,,t,t,,,,,,,f,1,f,
2118,2118,1,,Gauradaha Municipality,गौरादह नगरपालिका,2019,5,,t,t,,,,,,,f,1,f,
2128,2128,1,,Belbari Municipality,बेलबारी  नगरपालिका,2020,5,,t,t,,,,,,,f,1,f,
2129,2129,1,,Letang Municipality,लेटाङ नगरपालिका,2020,5,,t,t,,,,,,,f,1,f,
2130,2130,1,,Rangali Muncipality,रगेली नगरपालिका,2020,5,,t,t,,,,,,,f,1,f,
2133,2133,1,,Urlabari Municipaltiy,उर्लावारी नगरपालिका,2020,5,,t,t,,,,,,,f,1,f,
2134,2134,1,,Sundarharicha Muncipality,सुन्दरहरैचा नगरपालिका,2020,5,,t,t,,,,,,,f,1,f,
2151,2151,1,,Lamhi Municipality,लमही नगरपालिका,2063,5,,t,t,,,,,,,f,1,f,
2164,2164,1,,Pakhirbas  Municipaltiy,पाख्र्रीबास नगरपालिका,2013,5,,t,t,,,,,,,f,1,f,
2172,2172,1,,Kohalpur Municipality,कोहलपुर नगरपालिका,2064,5,,t,t,,,,,,,f,1,f,
2444,2444,1,,Jiri Municipality,जिरी नगरपालिका,2030,5,,t,t,,,1001,03:43.6,,,f,1,f,
2106,2106,1,,Suryodaya Municipaltiy,सुर्योदय नगरपालिका,2010,5,,t,t,,,1001,21:22.7,,,f,1,f,
2218,2218,1,,Shidhicharana Municipality,सिद्धिचरण नगरपालिका,2017,5,,t,t,,,1001,32:32.0,,,f,1,f,
2117,2117,1,,Shivasataxi Municipality,शिबसताक्षी नगरपालिका,2019,5,,t,t,,,1001,36:21.2,,,f,1,f,
2120,2120,1,,Birtamoda Municipality,बिर्तामोड नगरपालिका,2019,5,,t,t,,,1001,36:51.3,,,f,1,f,
2131,2131,1,,Pathari Sanischare Municipality,पथरी शनीश्ररे नगरपालिका,2020,5,,t,t,,,1001,49:50.3,,,f,1,f,
2135,2135,1,,Sunbarsi Municipality,सुनर्बषी नगरपालिका,2020,5,,t,t,,,1001,50:30.9,,,f,1,f,
2149,2149,1,,Dharan Sub-Metropolitan City,धरान उप-महानगरपालिका,2021,6,,t,t,,,1001,51:42.7,,,f,1,f,
2328,2328,1,,Janakpurdham Sub-Metropolitan City,जनकपुरधाम उपमहानगरपालिका,2024,6,,t,t,,,1001,52:31.9,,,f,1,f,
2317,2317,1,,Butwal Sub-Metropolitan City,बुटवल उपमहानगरपालिका,2055,6,,t,t,,,1001,50:19.5,,,f,1,f,
2267,2267,1,,Katari Municipality,कटारी नगरपालिका,2018,5,,t,t,,,,,,,f,1,f,
2269,2269,1,,Chaudadhigadi Municipality,चौदण्डीगढी नगरपालिका,2018,5,,t,t,,,,,,,f,1,f,
2271,2271,1,,Triyuga Municipality,त्रियुगा नगरपालिका,2018,5,,t,t,,,,,,,f,1,f,
2272,2272,1,,Belaka Municipality,वेलका नगरपालिका,2018,5,,t,t,,,,,,,f,1,f,
2289,2289,1,,Guleriya Municipality,गुलेरिया नगरपालिका,2065,5,,t,t,,,,,,,f,1,f,
2292,2292,1,,Barbardiya Municipality,बारबर्दिया नगरपालिका,2065,5,,t,t,,,,,,,f,1,f,
2293,2293,1,,MADHUBAN MUNICIPALITY,मधुवन नगरपालिका,2065,5,,t,t,,,,,,,f,1,f,
2295,2295,1,,RAJPUR MUNICIPALITY,राजापुर नगरपालिका,2065,5,,t,t,,,,,,,f,1,f,
2298,2298,1,,Thakurbaba Municipality,ठाकुरबाबा नगरपालिका,2065,5,,t,t,,,,,,,f,1,f,
2301,2301,1,,BANSGADHI MUNICIPALITY,बाँसगढी नगरपालिका,2065,5,,t,t,,,,,,,f,1,f,
2314,2314,1,,Pyuthan Municipality,प्यूठान नगरपालिका,2062,5,,t,t,,,,,,,f,1,f,
2318,2318,1,,Sorgadhawori Municipality,स्र्वगद्धारी नगरपालिका,2062,5,,t,t,,,,,,,f,1,f,
2320,2320,1,,Sukhipur Municipaltiy,सुखीपुर नगरपालिका,2023,5,,t,t,,,,,,,f,1,f,
2323,2323,1,,Devdaha Municipality,देवदह नगरपालिका,2055,5,,t,t,,,,,,,f,1,f,
2327,2327,1,,Lumbini Saskrit Municipality,लुम्बिनी सांस्कृतिक नगरपालिका,2055,5,,t,t,,,,,,,f,1,f,
2330,2330,1,,Sainamaina Municipality,सैनामैना नगरपालिका,2055,5,,t,t,,,,,,,f,1,f,
2340,2340,1,,ROLPA MUNICIPALITY,रोल्पा नगरपालिका,2061,5,,t,t,,,,,,,f,1,f,
2365,2365,1,,Siddharthanagar Municipality,सिद्धार्थनगर नगरपालिका,2055,5,,t,t,,,,,,,f,1,f,
2366,2366,1,,Tilottama Municipality,तिलोत्तमा नगरपालिका,2055,5,,t,t,,,,,,,f,1,f,
2423,2423,1,,MUSHIKOT MUNICIPALITY,मुसिकोट नगरपालिका,2059,5,,t,t,,,,,,,f,1,f,
2424,2424,1,,RESUNGA MUNICIPALITY,रेसुङ्गा नगरपालिका,2059,5,,t,t,,,,,,,f,1,f,
2460,2460,1,,Tansen Municipality,तानसेन नगरपालिका,2057,5,,t,t,,,,,,,f,1,f,
2476,2476,1,,Bardaghat Municipality,बर्दघाट नगरपालिका,2054,5,,t,t,,,,,,,f,1,f,
2478,2478,1,,Ramgram Municipality,रामग्राम नगरपालिका,2054,5,,t,t,,,,,,,f,1,f,
2479,2479,1,,Sunabol Municipality,सुनवल नगरपालिका,2054,5,,t,t,,,,,,,f,1,f,
2495,2495,1,,Buddhabhumi Municipality,बुद्धभुमी नगरपालिका,2056,5,,t,t,,,,,,,f,1,f,
2496,2496,1,,Shivaraj Municipality,शिवराज नगरपालिका,2056,5,,t,t,,,,,,,f,1,f,
2497,2497,1,,Maharajgunj Municipality,महाराजगंज नगरपालिका,2056,5,,t,t,,,,,,,f,1,f,
2505,2505,1,,Chautara Sangachowkgadi Municipality,चौतारा साँगाचोकगढी नगरपालिका,2034,5,,t,t,,,,,,,f,1,f,
2509,2509,1,,Amargadhi Municipality,अमरगढी नगरपालिका,2082,5,,t,t,,,,,,,f,1,f,
2510,2510,1,,Parshuram Municipaltiy,परशुराम नगरपालिका,2082,5,,t,t,,,,,,,f,1,f,
2519,2519,1,,Dashrathchand Muncipality,दशरथचन्द नगरपालिका,2081,5,,t,t,,,,,,,f,1,f,
2520,2520,1,,Patan Municipaltiy,पाटन नगरपालिका,2081,5,,t,t,,,,,,,f,1,f,
2521,2521,1,,Melauli Municipality,मेलौली नगरपालिका,2081,5,,t,t,,,,,,,f,1,f,
2523,2523,1,,Purchaudi Muncipality,पुर्चौडी नगरपालिका,2081,5,,t,t,,,,,,,f,1,f,
2541,2541,1,,Dhulikhel Municipality,धुलिखेल नगरपालिका,2033,5,,t,t,,,,,,,f,1,f,
2542,2542,1,,Banepa Municipaity,बनेपा नगरपालिका,2033,5,,t,t,,,,,,,f,1,f,
2543,2543,1,,Panuati Municipality,पनौती नगरपालिका,2033,5,,t,t,,,,,,,f,1,f,
2544,2544,1,,Pachakhal Municipality,पाँचखाल नगरपालिका,2033,5,,t,t,,,,,,,f,1,f,
2058,2058,1,,Arghakhanchi,अर्घाखाँची,2005,3,,t,t,,,,,,,f,1,f,
2474,2474,1,,Gaidakot Municipality,गैडाकोट नगरपालिका,2053,4,,t,t,,,,,,,f,1,f,
2475,2475,1,,Devchuli Municipality,देबचुली नगरपालिका,2053,4,,t,t,,,,,,,f,1,f,
2477,2477,1,,Madyabindu Municipality,मध्यविन्दु नगरपालिका,2053,5,,t,t,,,,,,,f,1,f,
2409,2409,1,,Krishnanagar Municipality,कृष्णनगर नगरपालिका,2056,5,,t,t,,,1001,54:36.3,,,f,1,f,
2413,2413,1,,Banganga Municipality,बाणगंगा नगरपालिका,2056,5,,t,t,,,1001,54:52.5,,,f,1,f,
2494,2494,1,,Kapilvastu Municipality,कपिलवस्तु नगरपालिका,2056,5,,t,t,,,1001,56:37.3,,,f,1,f,
2385,2385,1,,Sandhikharka Municipality,सन्धीखर्क नगरपालिका,2058,5,,t,t,,,1001,57:31.9,,,f,1,f,
2388,2388,1,,Sitaganga Municipality,शितगंगा नगरपालिका,2058,5,,t,t,,,1001,57:46.1,,,f,1,f,
2392,2392,1,,Bhumikasthan Municipality,भुमीकास्थान नगरपालिका,2058,5,,t,t,,,1001,58:04.7,,,f,1,f,
2546,2546,1,,Namabuddha  Municipality,नमोबुद्ध नगरपालिका,2033,5,,t,t,,,,,,,f,1,f,
2571,2571,1,,Mandandeupur Municipality,मण्डनदेउपुर नगरपालिका,2033,5,,t,t,,,,,,,f,1,f,
2580,2580,1,,Godhabari Municipality,गोदाबरी नगरपालिका,2041,5,,t,t,,,,,,,f,1,f,
2581,2581,1,,Mahalaxmi Municipality,महालक्ष्मी नगरपालिका,2041,5,,t,t,,,,,,,f,1,f,
2584,2584,1,,Badimalika Municipality,बडिमालीका नगरपालिका,2076,5,,t,t,,,,,,,f,1,f,
2585,2585,1,,Tribeni Municipality,त्रिवेणी नगरपालिका,2076,5,,t,t,,,,,,,f,1,f,
2587,2587,1,,Budignga Municipality,बुढीगंगा नगरपालिका,2076,5,,t,t,,,,,,,f,1,f,
2588,2588,1,,Chagunarayan Municipality,चाँगुनारायण नगरपालिका,2040,5,,t,t,,,,,,,f,1,f,
2589,2589,1,,Budhinanda Munucipality,बुढीनन्दा नगरपालिका,2076,5,,t,t,,,,,,,f,1,f,
2592,2592,1,,Madhyapur Thimi Municipality,मध्यपुर थिमी नगरपालिका,2040,5,,t,t,,,,,,,f,1,f,
2597,2597,1,,Kagesowari Manohara Municipality,कागेश्ररी मनोहरा नगरपालिका,2042,5,,t,t,,,,,,,f,1,f,
2602,2602,1,,Chadragiri Municipality,चन्द्रागिरी नगरपालिका,2042,5,,t,t,,,,,,,f,1,f,
2603,2603,1,,Tokha Municipality,टोखा नगरपालिका,2042,5,,t,t,,,,,,,f,1,f,
2606,2606,1,,Nagarjun Municipality,नागार्जुन नगरपालिका,2042,5,,t,t,,,,,,,f,1,f,
2607,2607,1,,JAYAPRITHVI MUNICIPALITY,जयपृथ्वी नगरपालिका,2077,5,,t,t,,,,,,,f,1,f,
2625,2625,1,,Budhanilakantha Municipality,बुढानिलकण्ठ नगरपालिका,2042,5,,t,t,,,,,,,f,1,f,
2626,2626,1,,BUNGAL MUNICIPALITY,बुंगल नगरपालिका,2077,5,,t,t,,,,,,,f,1,f,
2627,2627,1,,Sanrapur Municipality,शङरापुर नगरपालिका,2042,5,,t,t,,,,,,,f,1,f,
2643,2643,1,,Bidhur  Municipaltiy,बिदुर नगरपालिका,2036,5,,t,t,,,,,,,f,1,f,
2645,2645,1,,Mangalsen  Municipality,मंगलसेन नगरपालिका,2079,5,,t,t,,,,,,,f,1,f,
2647,2647,1,,Kamalbazar Municipality,कमलबजार नगरपालिका,2079,5,,t,t,,,,,,,f,1,f,
2649,2649,1,,Saphebazar Municipality,साँफेबजार नगरपालिका,2079,5,,t,t,,,,,,,f,1,f,
2651,2651,1,,Panchadebal Binayak Municipality,पंचदेवल विनायक नगरपालिका,2079,5,,t,t,,,,,,,f,1,f,
2662,2662,1,,Dipayal silgadi Municipality,दिपायल सिलगढी नगरपालिका,2078,5,,t,t,,,,,,,f,1,f,
2664,2664,1,,Shikhar Municipality,शिखर नगरपालिका,2078,5,,t,t,,,,,,,f,1,f,
2677,2677,1,,Tikapur   Municipality,टिकापुर नगरपालिका,2084,5,,t,t,,,,,,,f,1,f,
2678,2678,1,,Ghodaghodi Municipality,घोडाघोडी नगरपालिका,2084,5,,t,t,,,,,,,f,1,f,
2681,2681,1,,Lamkichuha Municipality,लम्किचुहा नगरपालिका,2084,5,,t,t,,,,,,,f,1,f,
2683,2683,1,,Bhajani Municipality,भजनी नगरपालिका,2084,5,,t,t,,,,,,,f,1,f,
2685,2685,1,,Godawari Municipality,गोदावरी नगरपालिका,2084,5,,t,t,,,,,,,f,1,f,
2699,2699,1,,Bhimdatta Municipality,भीमदत्त नगरपालिका,2083,5,,t,t,,,,,,,f,1,f,
2701,2701,1,,Punarbas Municipality,पुनर्वास नगरपालिका,2083,5,,t,t,,,,,,,f,1,f,
2704,2704,1,,Bedkot Municipality,बेदकोट नगरपालिका,2083,5,,t,t,,,,,,,f,1,f,
2706,2706,1,,Mahakali Municipality,माहाकाली नगरपालिका,2083,5,,t,t,,,,,,,f,1,f,
2712,2712,1,,Belauri Municipality,बेेलौरी नगरपालिका,2083,5,,t,t,,,,,,,f,1,f,
2713,2713,1,,Krishnapur Municipality,कृष्णपुर नगरपालिका,2083,5,,t,t,,,,,,,f,1,f,
2719,2719,1,,Mahakali Municipality,महाकाली नगरपालिका,2080,5,,t,t,,,,,,,f,1,f,
2720,2720,1,,Shailyashikhar Municipality,शैल्यशिखर नगरपालिका,2080,5,,t,t,,,,,,,f,1,f,
2732,2732,1,,Bharatpur  Metropolitian,भरतपुर महानगरपालिका,2038,5,,t,t,,,,,,,f,1,f,
2735,2735,1,,Kalika Municipality,कालिका नगरपालिका,2038,5,,t,t,,,,,,,f,1,f,
2604,2604,1,,Tarakeshowar Municipality,तारकेश्वर नगरपालिका,2042,5,,t,t,,,,,,,f,1,f,
2547,2547,1,,Churjahari  Municipality,चौरजहारी नगरपालिका,2066,5,,t,t,,,,,,,f,1,f,
2568,2568,1,,Aathabiskot Municipality,आठबिसकोट नगरपालिका,2066,5,,t,t,,,,,,,f,1,f,
2644,2644,1,,Belakotgadhi Municipality,बेलकोटगढी नगरपालिका,2036,5,,t,t,,,1001,13:00.4,,,f,1,f,
2674,2674,1,,Dhunibeshi Municipality,धुनीर्बेशी नगरपालिका,2037,5,,t,t,,,1001,19:00.6,,,f,1,f,
2679,2679,1,,Nilkandha Municipality,निलकण्ठ नगरपालिका,2037,5,,t,t,,,1001,19:11.1,,,f,1,f,
2736,2736,1,,Khairahani Municipality,खैरहनी नगरपालिका,2038,5,,t,t,,,1001,22:22.8,,,f,1,f,
2590,2590,1,,Bhaktapur Municipality,भक्तपुर नगरपालिका,2040,5,,t,t,,,1001,26:11.6,,,f,1,f,
2593,2593,1,,Suryabinayak Municipality,सुर्यबिनायक नगरपालिका,2040,5,,t,t,,,1001,26:31.8,,,f,1,f,
2738,2738,1,,Madhi  Municipaltiy,माडी नगरपालिका,2038,5,,t,t,,,,,,,f,1,f,
2778,2778,1,,Madhenepali Municipaltiy,मध्यनेपाल नगरपालिका,2044,5,,t,t,,,,,,,f,1,f,
2784,2784,1,,Berendranagar Municipality,वीरेन्द्रनगर नगरपालिका,2075,5,,t,t,,,,,,,f,1,f,
2785,2785,1,,Bheriganga Municipality,भेरीगंगा नगरपालिका,2075,5,,t,t,,,,,,,f,1,f,
2788,2788,1,,Gurbhakot Municipality,गुर्भाकोट नगरपालिका,2075,5,,t,t,,,,,,,f,1,f,
2814,2814,1,,Panshapuri Municipality,पश्रपुरी नगरपालिका,2075,5,,t,t,,,,,,,f,1,f,
2817,2817,1,,Lekbeshi Municipality,लेकबेशी नगरपालिका,2075,5,,t,t,,,,,,,f,1,f,
2831,2831,1,,Narayana Municipality,नारायण नगरपालिका,2074,5,,t,t,,,,,,,f,1,f,
2832,2832,1,,Dullu Municipality,दुल्लु नगरपालिका,2074,5,,t,t,,,,,,,f,1,f,
2833,2833,1,,Camunda bindrasaini Municipality,चामुण्डा विन्द्रासैनी नगरपालिका,2074,5,,t,t,,,,,,,f,1,f,
2605,2605,1,,Dakshinkali Municipality,दक्षिणकाली नगरपालिका,2042,5,,t,t,,,1001,29:03.4,,,f,1,f,
2834,2834,1,,Aathabis Municipality,आठबिस नगरपालिका,2074,5,,t,t,,,,,,,f,1,f,
2883,2883,1,,Bheri Municipality,भेरी नगरपालिका,2073,5,,t,t,,,,,,,f,1,f,
2884,2884,1,,Chedagad Municipality,छेडागाड नगरपालिका,2073,5,,t,t,,,,,,,f,1,f,
2895,2895,1,,Thulibheri Municipality,ठुलीभेरी नगरपालिका,2068,5,,t,t,,,,,,,f,1,f,
2896,2896,1,,Tripurasundari Muncipality,त्रिपुरासुन्दरी नगरपालिका,2068,5,,t,t,,,,,,,f,1,f,
2918,2918,1,,Candannatha Municipality,चन्दननाथ नगरपालिका,2069,5,,t,t,,,,,,,f,1,f,
2934,2934,1,,Khadachakra Municipality,खाँडाचक्र नगरपालिका,2072,5,,t,t,,,,,,,f,1,f,
2935,2935,1,,Raskot Municipality,रास्कोट नगरपालिका,2072,5,,t,t,,,,,,,f,1,f,
2936,2936,1,,Tilagufa Municipality,तिलागुफा नगरपालिका,2072,5,,t,t,,,,,,,f,1,f,
2983,2983,1,,Kushma Municipality,कुश्मा नगरपालिका,2049,5,,t,t,,,,,,,f,1,f,
2984,2984,1,,Falebash Municipality,फलेवास नगरपालिका,2049,5,,t,t,,,,,,,f,1,f,
2988,2988,1,,Chayanatha rara Municipality,छायाँनाथ रारा नगरपालिका,2070,5,,t,t,,,,,,,f,1,f,
3005,3005,1,,Baglung Municipality,बागलुङ नगरपालिका,2052,5,,t,t,,,,,,,f,1,f,
2579,2579,1,,Lalitapur Metropolian,ललितपुर महानगरपालिका,2041,7,,t,t,,,,,,,f,1,f,
2071,2071,1,,Humla,हुम्ला,2006,3,,t,t,,,,,,,f,1,f,
2059,2059,1,,Gulmi,गुल्मी,2005,3,,t,t,,,,,,,f,1,f,
2743,2743,1,,Rapti Municipality,राप्ती नगरपालिका,2038,5,,t,t,,,1001,22:57.2,,,f,1,f,
2741,2741,1,,Ratnanagar Municipality,रत्रनगर नगरपालिका,2038,5,,t,t,,,1001,22:47.5,,,f,1,f,
2751,2751,1,,Palungatar  Municipality,पालुङटार नगरपालिका,2043,5,,t,t,,,1001,37:21.1,,,f,1,f,
2777,2777,1,,Beshisahara Municipality,बेसीशहर नगरपालिका,2044,5,,t,t,,,1001,39:05.4,,,f,1,f,
2779,2779,1,,Rainas Municipality,राईनास नगरपालिका,2044,5,,t,t,,,1001,39:16.8,,,f,1,f,
2780,2780,1,,Sundarbazar Municipality,सुन्दरबजार नगरपालिका,2044,5,,t,t,,,1001,39:28.2,,,f,1,f,
2793,2793,1,,Bhanu Municipality,भानु नगरपालिका,2045,5,,t,t,,,1001,40:15.2,,,f,1,f,
2856,2856,1,,Galayanga Municipality,गल्याङ नगरपालिका,2050,5,,t,t,,,1001,44:58.8,,,f,1,f,
2874,2874,1,,Chapakot Municipality,चापाकोट नगरपालिका,2050,5,,t,t,,,1001,45:13.2,,,f,1,f,
2877,2877,1,,Putalibazzar Municipality,पुतलीबजार नगरपालिका,2050,5,,t,t,,,1001,45:21.5,,,f,1,f,
2881,2881,1,,Virakot Municipality,भिरकोट नगरपालिका,2050,5,,t,t,,,1001,45:32.3,,,f,1,f,
2963,2963,1,,Waling Municipality,बालिङ नगरपालिका,2050,5,,t,t,,,1001,45:46.4,,,f,1,f,
2072,2072,1,,Kalikot,कालिकोट,2006,3,,t,t,,,,,,,f,1,f,
2073,2073,1,,Jajarkot,जाजरकोट,2006,3,,t,t,,,,,,,f,1,f,
2074,2074,1,,Dailekh,दैलेख,2006,3,,t,t,,,,,,,f,1,f,
3021,3021,1,,Carkheli  Rural Municipality,च,2071,4,,t,t,,,,,,,f,1,f,
2004,2004,1,,Gandaki Province,गण्डकी प्रदेश,,2,,t,t,,,,,,,f,1,f,
2008,2008,1,,Taplejung,ताप्लेजुङ्ग,2001,3,,t,t,,,,,,,f,1,f,
2009,2009,1,,Panchthar,पाँचथर,2001,3,,t,t,,,,,,,f,1,f,
2010,2010,1,,Ilam,इलाम,2001,3,,t,t,,,,,,,f,1,f,
2011,2011,1,,Sankhuwasabha,संखुवासभा,2001,3,,t,t,,,,,,,f,1,f,
2012,2012,1,,Terhathum,तेह्रथुम,2001,3,,t,t,,,,,,,f,1,f,
2013,2013,1,,Dhankuta,धनकुटा,2001,3,,t,t,,,,,,,f,1,f,
2014,2014,1,,Bhojpur,भोजपुर,2001,3,,t,t,,,,,,,f,1,f,
2015,2015,1,,Khotang,खोटाङ,2001,3,,t,t,,,,,,,f,1,f,
2016,2016,1,,Solukhumbu,सोलुखुम्बु,2001,3,,t,t,,,,,,,f,1,f,
2017,2017,1,,Okhaldhunga,ओखलढुङ्गा,2001,3,,t,t,,,,,,,f,1,f,
2018,2018,1,,Udayapur,उदयपुर,2001,3,,t,t,,,,,,,f,1,f,
2019,2019,1,,Jhapa,झापा,2001,3,,t,t,,,,,,,f,1,f,
2020,2020,1,,Morang,मोरङ,2001,3,,t,t,,,,,,,f,1,f,
2021,2021,1,,Sunsari,सुनसरी,2001,3,,t,t,,,,,,,f,1,f,
2022,2022,1,,Saptari,सप्तरी,2002,3,,t,t,,,,,,,f,1,f,
2023,2023,1,,Siraha,सिराहा,2002,3,,t,t,,,,,,,f,1,f,
2024,2024,1,,Dhanusha,धनुषा,2002,3,,t,t,,,,,,,f,1,f,
2025,2025,1,,Mahottari,महोत्तरी,2002,3,,t,t,,,,,,,f,1,f,
2026,2026,1,,Sarlahi,सर्लाही,2002,3,,t,t,,,,,,,f,1,f,
2027,2027,1,,Rautahat,रौतहट,2002,3,,t,t,,,,,,,f,1,f,
2028,2028,1,,Bara,बारा,2002,3,,t,t,,,,,,,f,1,f,
2029,2029,1,,Parsa,पर्सा,2002,3,,t,t,,,,,,,f,1,f,
2030,2030,1,,Dolakha,दोलखा,2003,3,,t,t,,,,,,,f,1,f,
2031,2031,1,,Ramechhap,रामेछाप,2003,3,,t,t,,,,,,,f,1,f,
2032,2032,1,,Sindhuli,सिन्धुली,2003,3,,t,t,,,,,,,f,1,f,
2033,2033,1,,Kavrepalanchok,काभ्रेपलाञ्चोक,2003,3,,t,t,,,,,,,f,1,f,
2034,2034,1,,Sindhupalchok,सिन्धुपाल्चोक,2003,3,,t,t,,,,,,,f,1,f,
2035,2035,1,,Rasuwa,रसुवा,2003,3,,t,t,,,,,,,f,1,f,
2036,2036,1,,Nuwakot,नुवाकोट,2003,3,,t,t,,,,,,,f,1,f,
2037,2037,1,,Dhading,धादिङ,2003,3,,t,t,,,,,,,f,1,f,
2038,2038,1,,Chitwan,चितवन,2003,3,,t,t,,,,,,,f,1,f,
2039,2039,1,,Makawanpur,मकवानपुर,2003,3,,t,t,,,,,,,f,1,f,
2040,2040,1,,Bhaktapur,भक्तपुर,2003,3,,t,t,,,,,,,f,1,f,
2041,2041,1,,Lalitpur,ललितपुर,2003,3,,t,t,,,,,,,f,1,f,
2043,2043,1,,Gorkha,गोरखा,2004,3,,t,t,,,,,,,f,1,f,
2044,2044,1,,Lamjung,लमजुङ,2004,3,,t,t,,,,,,,f,1,f,
2045,2045,1,,Tanahun,तनहुँ,2004,3,,t,t,,,,,,,f,1,f,
2046,2046,1,,Kaski,कास्की,2004,3,,t,t,,,,,,,f,1,f,
2047,2047,1,,Manang,मनाङ,2004,3,,t,t,,,,,,,f,1,f,
2048,2048,1,,Mustang,मुस्ताङ,2004,3,,t,t,,,,,,,f,1,f,
2049,2049,1,,Parbat,पर्वत,2004,3,,t,t,,,,,,,f,1,f,
2050,2050,1,,Syangja,स्याङजा,2004,3,,t,t,,,,,,,f,1,f,
2051,2051,1,,Myagdi,म्याग्दी,2004,3,,t,t,,,,,,,f,1,f,
2052,2052,1,,Baglung,बाग्लुङ,2004,3,,t,t,,,,,,,f,1,f,
2053,2053,1,,Nawalparasi (Eastern Part from Bardaghat Susta),नवलपरासी (बर्दघाट सुस्ता पूर्व),2004,3,,t,t,,,,,,,f,1,f,
2054,2054,1,,Nawalparasi (Western Part from Bardaghat Susta),नवलपरासी (बर्दघाट सुस्ता पश्चिम),2005,3,,t,t,,,,,,,f,1,f,
2055,2055,1,,Rupandehi,रूपन्देही,2005,3,,t,t,,,,,,,f,1,f,
2056,2056,1,,Kapilvastu,कपिलबस्तु,2005,3,,t,t,,,,,,,f,1,f,
2057,2057,1,,Palpa,पाल्पा,2005,3,,t,t,,,,,,,f,1,f,
2003,2003,1,,Bagmati Province,बागमती प्रदेश,,2,,t,t,,,,,,,f,1,f,
2060,2060,1,,Rukum (Eastern Part),रूकुम (पूर्वी भाग),2005,3,,t,t,,,,,,,f,1,f,
2061,2061,1,,Rolpa,रोल्पा,2005,3,,t,t,,,,,,,f,1,f,
2062,2062,1,,Pyuthan,प्यूठान,2005,3,,t,t,,,,,,,f,1,f,
2063,2063,1,,Dang,दाङ,2005,3,,t,t,,,,,,,f,1,f,
2064,2064,1,,Banke,बाँके,2005,3,,t,t,,,,,,,f,1,f,
2065,2065,1,,Bardiya,बर्दिया,2005,3,,t,t,,,,,,,f,1,f,
2066,2066,1,,Rukum (Western Part),रूकुम (पश्चिम भाग),2006,3,,t,t,,,,,,,f,1,f,
2067,2067,1,,Salyan,सल्यान,2006,3,,t,t,,,,,,,f,1,f,
2068,2068,1,,Dolpa,डोल्पा,2006,3,,t,t,,,,,,,f,1,f,
2069,2069,1,,Jumla,जुम्ला,2006,3,,t,t,,,,,,,f,1,f,
2070,2070,1,,Mugu,मुगु,2006,3,,t,t,,,,,,,f,1,f,
2006,2006,1,,Karnali Province,कर्णाली प्रदेश,,2,,t,t,,,,,,,f,1,f,
2075,2075,1,,Surkhet,सुर्खेत,2006,3,,t,t,,,,,,,f,1,f,
2076,2076,1,,Bajura,बाजुरा,2007,3,,t,t,,,,,,,f,1,f,
2077,2077,1,,Bajhang,बझाङ,2007,3,,t,t,,,,,,,f,1,f,
2078,2078,1,,Doti,डोटी,2007,3,,t,t,,,,,,,f,1,f,
2079,2079,1,,Achham,अछाम,2007,3,,t,t,,,,,,,f,1,f,
2080,2080,1,,Darchula,दार्चुला,2007,3,,t,t,,,,,,,f,1,f,
2081,2081,1,,Baitadi,बैतडी,2007,3,,t,t,,,,,,,f,1,f,
2082,2082,1,,Dadeldhura,डडेल्धुरा,2007,3,,t,t,,,,,,,f,1,f,
2083,2083,1,,Kanchanpur,कञ्चनपुर,2007,3,,t,t,,,,,,,f,1,f,
2084,2084,1,,Kailali,कैलाली,2007,3,,t,t,,,,,,,f,1,f,
2087,2087,1,,Sidingwa  Rural Municipaltiy,सिदिङवा गाउँपालिका,2008,4,,t,t,,,,,,,f,1,f,
2088,2088,1,,Phaktanglung Rural Municipaltiy,फक्ताङलुङ गाउँपालिका,2008,4,,t,t,,,,,,,f,1,f,
2042,2042,1,,Kathmandu,काठमाडौं,2003,3,,t,t,,,,,,,f,1,f,
2089,2089,1,,Mikwakhola Rural Municipaltiy,मिक्वाखोला गाउँपालिका,2008,4,,t,t,,,,,,,f,1,f,
2090,2090,1,,Meringden Rural Municipaltiy,मेिरङदेन गाउँपालिका,2008,4,,t,t,,,,,,,f,1,f,
2094,2094,1,,Shirijagha Rural Muncipality,सिरीजङा गाउँपालीका,2008,4,,t,t,,,,,,,f,1,f,
2095,2095,1,,Phalelung Rural Municipality,फालेलुङ गाउँपालिका,2009,4,,t,t,,,,,,,f,1,f,
2096,2096,1,,Hilihang Rural Municipality,हिलिहाङ गाउँपालिका,2009,4,,t,t,,,,,,,f,1,f,
2098,2098,1,,Kummayak Rural Municipality,कुम्मायक गाउँपालिका,2009,4,,t,t,,,,,,,f,1,f,
2099,2099,1,,Miklagung Rural Municipality,मिक्लाजुङ गाउँपालिका,2009,4,,t,t,,,,,,,f,1,f,
2101,2101,1,,Yangworak Rural Municipality,याङवरक गाउँपालिका,2009,4,,t,t,,,,,,,f,1,f,
2105,2105,1,,Phakpohkthum Rural Municipaltiy,फाकफोकथुम गाउँपालिका,2010,4,,t,t,,,,,,,f,1,f,
2107,2107,1,,Chulachuli Rural Municipaltiy,चुलाचुली गाउँपालिका,2010,4,,t,t,,,,,,,f,1,f,
2108,2108,1,,Maeejogmai  Rural Municipaltiy,माईजोगमाई गाउँपालिका,2010,4,,t,t,,,,,,,f,1,f,
2109,2109,1,,Mangsebung Rural Municipaltiy,माङसेवुङ गाउँपालिका,2010,4,,t,t,,,,,,,f,1,f,
2110,2110,1,,Rong Rural Municipaltiy,रोङ गाउँपालिका,2010,4,,t,t,,,,,,,f,1,f,
2114,2114,1,,Damka Muncipality,दमक नगरपालीका,2019,4,,t,t,,,,,,,f,1,f,
2124,2124,1,,Buddhashanti Rural Municipality,बुद्धशान्ती गाउँपालिका,2019,4,,t,t,,,,,,,f,1,f,
2125,2125,1,,Haldibari Rural Municipality,हल्दीवारी गाउँपालिका,2019,4,,t,t,,,,,,,f,1,f,
2093,2093,1,,Phidim Municipality,फिदिम नगरपालिका,2009,5,,t,t,,,,,,,f,1,f,
2136,2136,1,,Budhiganga  Rural Municipaltiy,बुढीगँगा गाउँपालिका,2020,4,,t,t,,,,,,,f,1,f,
2137,2137,1,,Dhanpalthan Rural Municipaity,धनपालथान गाउँपालिका,2020,4,,t,t,,,,,,,f,1,f,
2140,2140,1,,Jahada Rural Municipaltiy,जहदा गाउँपालिका,2020,4,,t,t,,,,,,,f,1,f,
2092,2092,1,,Pathivara Yankwarak Rural Municipaltiy,पाथीभरा याङवरक गाउँपालिका,2008,4,,t,t,,,1001,56:03.5,,,f,1,f,
2086,2086,1,,Aathrai Tribeni Rural Municipaltiy,अठराई त्रिवेणी गाउँपालीका,2008,4,,t,t,,,1001,17:38.1,,,f,1,f,
2091,2091,1,,Maiwakhola Rural Minicipality,मैवाखोला गाउँपालिका,2008,4,,t,t,,,1001,18:40.8,,,f,1,f,
2097,2097,1,,Falgunanda Rural Minicipality,फाल्गुनन्द गाउँपालिका,2009,4,,t,t,,,1001,19:49.3,,,f,1,f,
2100,2100,1,,Tumbewa Rural Minicipality,तुम्बेबा गाँउपालिका,2009,4,,t,t,,,1001,20:33.5,,,f,1,f,
2111,2111,1,,Sandakpur Rural Minicipality,सन्दकपुर गाउँपालिका,2010,4,,t,t,,,1001,21:52.1,,,f,1,f,
2116,2116,1,,Arjundhara Municipality,अजुर्नधारा नगरपालीका,2019,5,,t,t,,,1001,35:59.8,,,f,1,f,
2119,2119,1,,Kamal Rural Municipality,कमल गाउँपालिका,2019,4,,t,t,,,1001,36:39.1,,,f,1,f,
2121,2121,1,,Gauri Gunj Rural Municipality,गौरीगज गाउँपालिका,2019,4,,t,t,,,1001,37:08.7,,,f,1,f,
2122,2122,1,,Baradashi Rural Municipality,बाह्रदशी गाउँपालिका,2019,4,,t,t,,,1001,37:32.9,,,f,1,f,
2123,2123,1,,Jhapa Rural Municipality,झापा गाउँपालिका,2019,4,,t,t,,,1001,37:53.1,,,f,1,f,
2141,2141,1,,kanepokhari Rural Municipaltiy,कानेपोखरी गाउँपालिका,2020,4,,t,t,,,,,,,f,1,f,
2146,2146,1,,Katahari Rural Municipaltiy,कटहरी गाउँपालीका,2020,4,,t,t,,,,,,,f,1,f,
2147,2147,1,,kerabari  Rural Municipaltiy,केराबारी गाउँपालिका,2020,4,,t,t,,,,,,,f,1,f,
2148,2148,1,,Miklagunj Rural Municipaltiy,मिक्लाजुङ गाउँपालिका,2020,4,,t,t,,,,,,,f,1,f,
2154,2154,1,,Banglachuli Rural Municipaltiy,बंगलाचुली गाउँपालिका,2063,4,,t,t,,,,,,,f,1,f,
2157,2157,1,,Dangisaran Rural Municipaltiy,दंगीशरण गाउँपालिका,2063,4,,t,t,,,,,,,f,1,f,
2158,2158,1,,Debanganja Rural Municipality,देवानगन्ज गाउँपालिका,2021,4,,t,t,,,,,,,f,1,f,
2160,2160,1,,Gadhawa Rural Municipaltiy,गढवा गाउँपालिका,2063,4,,t,t,,,,,,,f,1,f,
2161,2161,1,,Rajpur Rural Municipaltiy,राजपुर गाउँपालिका,2063,4,,t,t,,,,,,,f,1,f,
2162,2162,1,,Gadhi Rural Municipaltiy,गढी गाउँपालिका,2021,4,,t,t,,,,,,,f,1,f,
2163,2163,1,,Rapti Rural Municipaltiy,राप्ती गाउँपालिका,2063,4,,t,t,,,,,,,f,1,f,
2165,2165,1,,Barju Rural Municipaltiy,बर्जु गाउँपालिका,2021,4,,t,t,,,,,,,f,1,f,
2166,2166,1,,Shantinagar Rural Municipaltiy,शान्तिनगर गाउँपालिका,2063,4,,t,t,,,,,,,f,1,f,
2167,2167,1,,Babai Rural Municipaltiy,बबई गाउँपालिका,2063,4,,t,t,,,,,,,f,1,f,
2169,2169,1,,Dhankuta Municipality,धनकुटा नगरपालीका,2013,4,,t,t,,,,,,,f,1,f,
2173,2173,1,,Narainapur  Rural Municipality,नरैनापुर गाउँपालिका,2064,4,,t,t,,,,,,,f,1,f,
2174,2174,1,,Mahalaxmi Municipality,महालक्ष्मी नगरपालीका,2013,4,,t,t,,,,,,,f,1,f,
2175,2175,1,,Raptisonari  Rural Municipality,राप्तीसोनारी गाउँपालिका,2064,4,,t,t,,,,,,,f,1,f,
2177,2177,1,,Baijanath  Rural Municipality,बैजनाथ गाउँपालिका,2064,4,,t,t,,,,,,,f,1,f,
2178,2178,1,,Saguragadhi Rural Municipality,सागुँरीगढी गाउँपालिका,2013,4,,t,t,,,,,,,f,1,f,
2179,2179,1,,Laligurasa  Municipaltiy,लालीगुरास नगरपालीका,2012,4,,t,t,,,,,,,f,1,f,
2180,2180,1,,Khajura  Rural Municipality,खजुरा गाउँपालिका,2064,4,,t,t,,,,,,,f,1,f,
2181,2181,1,,Duduwa  Rural Municipality,डुडुवा गाउँपालिका,2064,4,,t,t,,,,,,,f,1,f,
2182,2182,1,,Aatharai Rural Municipaltiy,आठराई गाउँपालिका,2012,4,,t,t,,,,,,,f,1,f,
2184,2184,1,,Janaki  Rural Municipality,जानकी गाउँपालिका,2064,4,,t,t,,,,,,,f,1,f,
2185,2185,1,,Chathara Rural Municipaltiy,छथर गाउँपालिका,2012,4,,t,t,,,,,,,f,1,f,
2132,2132,1,,Ratuwamai Municipality,रतुवामाई नगरपालिका,2020,5,,t,t,,,,,,,f,1,f,
2186,2186,1,,Chhathar Jorpati Rural Municipality,छथर जोरपाटी गाउँपालिका,2013,4,,t,t,,,,,,,f,1,f,
2187,2187,1,,Fedapa Rural Municipaltiy,फेदाप गाउँपालिका,2012,4,,t,t,,,,,,,f,1,f,
2188,2188,1,,Chaubise Rural Municipality,चौबिसे गाउँपालिका,2013,4,,t,t,,,,,,,f,1,f,
2190,2190,1,,Chainpur Municipality,चैनपुर नगरपालीका,2011,4,,t,t,,,,,,,f,1,f,
2192,2192,1,,Dharma Devi Municipality,धर्म देवि नगरपालीका,2011,4,,t,t,,,,,,,f,1,f,
2194,2194,1,,Khadbariu  Municipaltiy,खादँबारी नगरपालीका,2011,4,,t,t,,,,,,,f,1,f,
2195,2195,1,,Madi  Municipaltiy,मादी नगरपालीका,2011,4,,t,t,,,,,,,f,1,f,
2196,2196,1,,Pachkhapan  Municipality,पाचँखपन नगरपालीका,2011,4,,t,t,,,,,,,f,1,f,
2197,2197,1,,Bhotekhola Rural Municipaltiy,भोटेखोला गाउँपालिका,2011,4,,t,t,,,,,,,f,1,f,
2198,2198,1,,Chichila Rural Municipaltiy,चिचिला गाउँपालिका,2011,4,,t,t,,,,,,,f,1,f,
2200,2200,1,,Makalu Rural Municipality,मकालु गाउँपालिका,2011,4,,t,t,,,,,,,f,1,f,
2201,2201,1,,Shabhapokhari Rural Municipality,सभापोखरी गाउँपालिका,2011,4,,t,t,,,,,,,f,1,f,
2203,2203,1,,Silichong Rural Municipality,सिलीचोङ गाउँपालिका,2011,4,,t,t,,,,,,,f,1,f,
2204,2204,1,,Arun Rural Municipaltiy,अरूण गाउँपालिका,2014,4,,t,t,,,,,,,f,1,f,
2205,2205,1,,Solidudhkunda Municipality,सोलुदुधकुण्ड नगरपालीका,2016,4,,t,t,,,,,,,f,1,f,
2183,2183,1,,Sahidbhumi Rural Municipality,सहिदभूमि गाउँपालिका,2013,4,,t,t,,,1001,06:30.9,,,f,1,f,
2202,2202,1,,Ramprasad Darai Rural Municipality,रामप्रसादराई गाउँपालिका,2014,4,,t,t,,,1001,25:40.3,,,f,1,f,
2176,2176,1,,Myanglung Municipality,म्याङलुङ नगरपालीका,2012,4,,t,t,,,1001,22:42.1,,,f,1,f,
2189,2189,1,,Menchhayem Rural Municipality,मेन्छयायेम गाउँपालिका,2012,4,,t,t,,,1001,23:12.5,,,f,1,f,
2191,2191,1,,Bhojpur Municipality,भोजपुर नगरपालीका,2014,5,,t,t,,,1001,23:57.2,,,f,1,f,
2159,2159,1,,Koshi Rural Municipality,कोशी गाउँपालिका,2021,4,,t,t,,,1001,52:51.5,,,f,1,f,
2207,2207,1,,Pauwadunma Rural Municipaltiy,पौबादुङमा गाउँपालिका,2014,4,,t,t,,,,,,,f,1,f,
2210,2210,1,,Nechsalyan Rural Municipality,नेचसल्यान गाउँपालिका,2016,4,,t,t,,,,,,,f,1,f,
2213,2213,1,,Mahakulung Rural Municipality,महाकुलुङ गाउँपालिका,2016,4,,t,t,,,,,,,f,1,f,
2215,2215,1,,Setang Rural Municipality,सेताङ गाउँपालिका,2016,4,,t,t,,,,,,,f,1,f,
2217,2217,1,,Halesitribachang Municipality,हलेसीतृवाचङ नगरपालीका,2015,4,,t,t,,,,,,,f,1,f,
2222,2222,1,,Chisakhugadhi Rural Municipaltiy,चिशंखुगढी गाउँपालिका,2017,4,,t,t,,,,,,,f,1,f,
2225,2225,1,,Jantedhunga Rural Municipality,जन्तेढुङगा गाउँपालिका,2015,4,,t,t,,,,,,,f,1,f,
2226,2226,1,,Khothang Rural Municipality,खोटेहाङ गाउँपालिका,2015,4,,t,t,,,,,,,f,1,f,
2227,2227,1,,Kopilasgadhi Rural Municipaltiy,कोपिलासगढी गाउँपालिका,2015,4,,t,t,,,,,,,f,1,f,
2247,2247,1,,Sakela Rural Municipaltiy,साकेला गाउँपालिका,2015,4,,t,t,,,,,,,f,1,f,
2266,2266,1,,Barahapokhari Rural Municipality,बराहपोखरी गाउँपालिका,2015,4,,t,t,,,,,,,f,1,f,
2275,2275,1,,Udayepurgadhi Rural Municipality,उदयपुरगढी गाउँपालिाका,2018,4,,t,t,,,,,,,f,1,f,
2276,2276,1,,Tapli Rural Municipality,ताप्ली गाउँपालिका,2018,4,,t,t,,,,,,,f,1,f,
2279,2279,1,,Raitamai Rural Municipality,रौतामाई गाउँपालिका,2018,4,,t,t,,,,,,,f,1,f,
2290,2290,1,,Shurugha Municipaltiy,सुरूङगा नगरपालीका,2022,4,,t,t,,,,,,,f,1,f,
2291,2291,1,,BADHAIYATAL RURAL MUNICIPALITY,बढैयाताल गाउँपालिका,2065,4,,t,t,,,,,,,f,1,f,
2296,2296,1,,Geruya Rural Municipality,गेरूवा गाउँपालिका,2065,4,,t,t,,,,,,,f,1,f,
2297,2297,1,,Lahan Municipality,लहान नगरपालीका,2023,4,,t,t,,,,,,,f,1,f,
2300,2300,1,,Dhangadimai Municipality,धनगढीमाई नगरपालीका,2023,4,,t,t,,,,,,,f,1,f,
2303,2303,1,,Siraha Municipality,सिरहा नगरपालीका,2023,4,,t,t,,,,,,,f,1,f,
2304,2304,1,,Golbazer Municipaltiy,गोलबजार नगरपालीका,2023,4,,t,t,,,,,,,f,1,f,
2305,2305,1,,Mahadewa Rural Municipaltiy,महादेवा गाउँपालिका,2022,4,,t,t,,,,,,,f,1,f,
2307,2307,1,,Mirchaya Municipality,मिर्चैया नगरपालीका,2023,4,,t,t,,,,,,,f,1,f,
2209,2209,1,,Thulung Dudhkoshi Rural Municipality,थुलुङ दुधकोशी गाउँपालिका,2016,4,,t,t,,,1001,12:12.5,,,f,1,f,
2223,2223,1,,Aiselukharka Rural Municipality,ऐसेलुखर्क गाउँपालिका,2015,4,,t,t,,,1001,30:08.3,,,f,1,f,
2245,2245,1,,Diprung Chuichumma Rural Municipality,दिप्रुङ चुइचुम्मा गाउँपालिका,2015,4,,t,t,,,1001,16:16.0,,,f,1,f,
2281,2281,1,,Limchungbung Rural Municipality,लिम्चुङ्बुङ गाउँपालिका,2018,4,,t,t,,,1001,17:10.7,,,f,1,f,
2211,2211,1,,Salpasilichho Rural Municipality,साल्पासिलिछो गाउँपालिका,2014,4,,t,t,,,1001,26:14.5,,,f,1,f,
2212,2212,1,,Aamchok Rural Municipality,आमचोक गाउँपालिका,2014,4,,t,t,,,1001,26:39.5,,,f,1,f,
2221,2221,1,,Diktel Rupakot  Majhugadhi Rural Municipaltiy,दिक्तेल रुपाकोट मझुवागढी नगरपालिका,2015,4,,t,t,,,1001,27:35.9,,,f,1,f,
2208,2208,1,,Khumbu Pasanglamu Rural Minicipality,खुम्बु पासाङल्हामु गाउँपालिका,2016,4,,t,t,,,1001,31:54.1,,,f,1,f,
2214,2214,1,,Likhu Pike Rural Municipaltiy,लिखु पिके गाउँपालिका,2016,4,,t,t,,,1001,32:10.1,,,f,1,f,
2219,2219,1,,Khijudemba Rural Municipality,खिजीदेम्वा गाउँपालिका,2017,4,,t,t,,,1001,32:55.9,,,f,1,f,
2248,2248,1,,Molung Rural Municipality,मोलुङ गाउँपालिका,2017,4,,t,t,,,1001,33:36.5,,,f,1,f,
2249,2249,1,,Likhu Rural Municipality,लिखु गाउँपालिका,2017,4,,t,t,,,1001,34:05.0,,,f,1,f,
2265,2265,1,,Sunkoshi Rural Municipality,सुनकोसी गाउँपालिका,2017,4,,t,t,,,1001,34:26.3,,,f,1,f,
2220,2220,1,,Champadebi  Rural Municipality,चम्पादेवी गाउँपालिका,2017,4,,t,t,,,1001,34:58.8,,,f,1,f,
2274,2274,1,,Kanchanrup  Municipality,कन्चनरूप नगरपालीका,2022,5,,t,t,,,1001,54:42.7,,,f,1,f,
2270,2270,1,,Rajbiraj Municipality,राजबिराज नगरपालीका,2022,4,,t,t,,,1001,54:58.3,,,f,1,f,
2277,2277,1,,Daknesrari Municipality,डाक्नेश्ररी नगरपालीका,2022,5,,t,t,,,1001,55:29.3,,,f,1,f,
2284,2284,1,,Khadak Municipality,खडक नगरपालीका,2022,4,,t,t,,,1001,56:17.2,,,f,1,f,
2286,2286,1,,Shambhunath Municipality ,शम्भुनाथ नगरपालीका,2022,5,,t,t,,,1001,56:36.5,,,f,1,f,
2294,2294,1,,Hanumannagar Kankaliny Municipality,हनुमाननगर कङकालिनी नगरपालिका ,2022,5,,t,t,,,1001,58:02.0,,,f,1,f,
2299,2299,1,,Krishnasabran Rural Municipality,कृष्णासबरन गाउँपालिका,2022,4,,t,t,,,1001,58:32.2,,,f,1,f,
2302,2302,1,,Chhitramasta Rural Municipality,छित्रमस्ता गाउँपालिका,2022,4,,t,t,,,1001,59:01.0,,,f,1,f,
2308,2308,1,,Tirahut Rural Municipality,तिरहुत गाउँपालिका,2022,4,,t,t,,,1001,59:52.1,,,f,1,f,
2309,2309,1,,Kalyanpur Municipality,कल्याणपुर नगरपालीका,2023,4,,t,t,,,,,,,f,1,f,
2310,2310,1,,Bhagwanpur Rural Municipaltiy,भगवानपुर गाउँपालिका,2023,4,,t,t,,,,,,,f,1,f,
2311,2311,1,,TILATHI KOIDI RURAL MUNICIPALITY,तिलाठी कोईलाडी गाउँपालिका,2022,4,,t,t,,,,,,,f,1,f,
2312,2312,1,,Aurahi Rural Municipality,औरही गाउँपालिका,2023,4,,t,t,,,,,,,f,1,f,
2313,2313,1,,Rupani Rural Municipaltiy,रूपनी गाउँपालिका,2022,4,,t,t,,,,,,,f,1,f,
2315,2315,1,,Bishnupur Rural Municipality,विष्णुपुर गाउँपालिका,2023,4,,t,t,,,,,,,f,1,f,
2319,2319,1,,JHIMRUK RURAL MUNICIPALITY,भिमरूक गाउँपालिका,2062,4,,t,t,,,,,,,f,1,f,
2321,2321,1,,Bisnupur   Rural Municipaltiy,बिष्णुपुर गाउँपालिका,2022,4,,t,t,,,,,,,f,1,f,
2324,2324,1,,GAUMUKHI RURAL MUNICIPALITY,गौमुखी गाउँपालिका,2062,4,,t,t,,,,,,,f,1,f,
2325,2325,1,,Mandabi Rural Municipality,माण्डवी गाउँपालिका,2062,4,,t,t,,,,,,,f,1,f,
2326,2326,1,,Bariyarpatti Rural Municipality,वरियारपटी गाउँपालिका,2023,4,,t,t,,,,,,,f,1,f,
2329,2329,1,,Sarumarani  Rural Municipality,सरूमारानी गाउँपालिका,2062,4,,t,t,,,,,,,f,1,f,
2331,2331,1,,Laxmipur Patari Rural Municipality,लक्ष्मीपुर पतारी गाउँपालिका,2023,4,,t,t,,,,,,,f,1,f,
2332,2332,1,,MALLARANI RURAL MUNICIPALITY,मल्लारानी गाउँपालिका,2062,4,,t,t,,,,,,,f,1,f,
2334,2334,1,,NAUBAHINI RURAL MUNICIPALITY,नौबहिनी गाउँपालिका,2062,4,,t,t,,,,,,,f,1,f,
2335,2335,1,,Naraha Rural Municipality,नरहा गाउँपालिका,2023,4,,t,t,,,,,,,f,1,f,
2338,2338,1,,Yeraoti Rural Municipality,एेरावती गाउँपालिका,2062,4,,t,t,,,,,,,f,1,f,
2353,2353,1,,Jaleshwor Municipaltiy,जलेश्वर नगरपालीका,2025,5,,t,t,,,,,,,f,1,f,
2342,2342,1,,Tribeni  Rural Municipality,त्रिवेणी गाउँपालिका,2061,4,,t,t,,,,,,,f,1,f,
2344,2344,1,,Bideha  Municipaltiy,बिदेह नगरपालीका,2024,4,,t,t,,,,,,,f,1,f,
2346,2346,1,,Arnama Rural Municipality,अर्नमा गाउँपालिका,2023,4,,t,t,,,,,,,f,1,f,
2347,2347,1,,Madi  Rural Municipality,माडी गाउँपालिका,2061,4,,t,t,,,,,,,f,1,f,
2348,2348,1,,Mithila  Municipaltiy,मिथिला नगरपालीका,2024,4,,t,t,,,,,,,f,1,f,
2349,2349,1,,Nawaorajpur Rural Municipality,नवराजपुर गाउँपालिका,2023,4,,t,t,,,,,,,f,1,f,
2350,2350,1,,RUNTIGADHI RURAL MUNICIPALITY,रून्टीगढी गाउँपालिका,2061,4,,t,t,,,,,,,f,1,f,
2352,2352,1,,Lungri  Rural Municipality,लुङग्री गाउँपालिका,2061,4,,t,t,,,,,,,f,1,f,
2358,2358,1,,SUNACHHAHARI RURAL MUNICIPALITY,सुनछहरी गाउँपालिका,2061,4,,t,t,,,,,,,f,1,f,
2361,2361,1,,Jankanadine Rural Municipaltiy,जनकनन्दिनी गाउँपालिका,2024,4,,t,t,,,,,,,f,1,f,
2362,2362,1,,Thabang  Rural Municipality,थबाङ गाउँपालिका,2061,4,,t,t,,,,,,,f,1,f,
2363,2363,1,,Yekdara Rural Municipality,एकडारा गाउँपालिका,2025,4,,t,t,,,,,,,f,1,f,
2359,2359,1,,Gaushala Municipality,गौशाला नगरपालीका,2025,5,,t,t,,,,,,,f,1,f,
2370,2370,1,,Loharpatti Municipaltiy,लोहरपटी नगरपालिका,2025,5,,t,t,,,,,,,f,1,f,
2369,2369,1,,Samsi Rural Municipality,साम्सी गाउँपालिका,2025,4,,t,t,,,,,,,f,1,f,
2372,2372,1,,Mahottari Rural Municipality,महोत्तरी गाउँपालिका,2025,4,,t,t,,,,,,,f,1,f,
2345,2345,1,,Pariwartan  Rural Municipality,परिवर्तन गाउँपालिका,2061,4,,t,t,,,1001,39:16.2,,,f,1,f,
2355,2355,1,,Gangadev Rural Municipality,गंगादेव गाउँपालिका,2061,4,,t,t,,,1001,47:05.4,,,f,1,f,
2336,2336,1,,Ganeshman Charnath Municipality,गणेशमान चारनाथ नगरपालीका,2024,4,,t,t,,,1001,53:14.0,,,f,1,f,
2322,2322,1,,Karjanha Municipality,कर्जन्हा नगरपालिका,2023,5,,t,t,,,1001,02:05.2,,,f,1,f,
2339,2339,1,,Dhanusatham Municipality,धनुषाथाम नगरपालीका,2024,5,,t,t,,,1001,53:49.7,,,f,1,f,
2341,2341,1,,Nagarain Municipality,नगराइन नगरपालीका,2024,5,,t,t,,,1001,56:56.3,,,f,1,f,
2354,2354,1,,Sabaila Municipality,सबैला नगरपालीका,2024,5,,t,t,,,1001,57:45.0,,,f,1,f,
2357,2357,1,,Kamala Municipality,कमला नगरपालिका ,2024,4,,t,t,,,1001,00:07.8,,,f,1,f,
2364,2364,1,,Bateswar Rural Municipality,बट्टेश्वर गाउँपालिका,2024,4,,t,t,,,1001,00:39.3,,,f,1,f,
2373,2373,1,,Mukhiyapati  Mushaharmiya Rural Municipality,मुखियापटी मुसहरमिया गाउँपालिका,2024,4,,t,t,,,1001,09:44.3,,,f,1,f,
2371,2371,1,,Ramgopalpur Municipality,रामगोपालपुर नगरपालिका,2025,5,,t,t,,,,,,,f,1,f,
2387,2387,1,,Laxminiya Rural Municipaltiy,लक्ष्मीनिया गाउँपालिका,2024,4,,t,t,,,,,,,f,1,f,
2386,2386,1,,Bhangaha Municipality,भँगाहा नगरपालिका,2025,5,,t,t,,,,,,,f,1,f,
2389,2389,1,,Balawa Municipality,बलवा नगरपालिका,2025,5,,t,t,,,,,,,f,1,f,
2390,2390,1,,Hansapur Rural Municipaltiy,हंसपुर गाउँपालिका,2024,4,,t,t,,,,,,,f,1,f,
2391,2391,1,,Pipara Rural Municipality,पिपरा गाउँपालिका,2025,4,,t,t,,,,,,,f,1,f,
2439,2439,1,,Bishnu Rural Municipality,विष्णु  गाउँपालिका,2026,4,,t,t,,,,,,,f,1,f,
2397,2397,1,,Ishworpur Municipality,इश्वरपुर नगरपालिका,2026,5,,t,t,,,,,,,f,1,f,
2399,2399,1,,Malangwa Municipality,मलंगवा नगरपालिका,2026,5,,t,t,,,,,,,f,1,f,
2422,2422,1,,Kabilasi Rural Municipaltiy,कविलासी गाउँपालिका,2026,4,,t,t,,,,,,,f,1,f,
2406,2406,1,,Haripur  Municipaltiy,हरीपुर नगरपालिका,2026,5,,t,t,,,,,,,f,1,f,
2426,2426,1,,Chakraghatta Rural Municipality,चक्रघटा गाउँपालिका,2026,4,,t,t,,,,,,,f,1,f,
2427,2427,1,,ESMA RURAL MUNICIPALITY,इस्मा गाउँपालिका,2059,4,,t,t,,,,,,,f,1,f,
2428,2428,1,,KALIGANDAGI RURAL MUNICIPALITY,कालीगण्डकी गाउँपालिका,2059,4,,t,t,,,,,,,f,1,f,
2429,2429,1,,ChandraNagar Rural Municipality,चन्द्रनगर गाउँपालिका,2026,4,,t,t,,,,,,,f,1,f,
2430,2430,1,,Dhankoul Rural Municipality,धनकौल गाउँपालिका,2026,4,,t,t,,,,,,,f,1,f,
2431,2431,1,,Fikkal Rural Municipaltiy,फिक्कल गाउँपालिका,2032,4,,t,t,,,,,,,f,1,f,
2432,2432,1,,GULMIDARBAR RURAL MUNICIPALITY,गुल्मीदरबार गाउँपालिका,2059,4,,t,t,,,,,,,f,1,f,
2434,2434,1,,Brahapuri Rural Municipaltiy,ब्रहापुरी गाउँपालिका,2026,4,,t,t,,,,,,,f,1,f,
2435,2435,1,,SATYAWATI RURAL MUNICIPALITY,सत्यवती गाउँपालिका,2059,4,,t,t,,,,,,,f,1,f,
2437,2437,1,,Ramnagar Rural Municipaltiy,रामनगर  गाउँपालिका,2026,4,,t,t,,,,,,,f,1,f,
2438,2438,1,,CHANDRAKOT RURAL MUNICIPALITY,चन्द्रकोट गाउँपालिका,2059,4,,t,t,,,,,,,f,1,f,
2367,2367,1,,Sonma Rural Municipaltiy,सोनमा गाउँपालिका,2025,4,,t,t,,,1001,50:08.9,,,f,1,f,
2441,2441,1,,Manthali Municipality,मन्थली नगरपालीका,2031,4,,t,t,,,,,,,f,1,f,
2443,2443,1,,Ramechhap Municipality,रामेछाप नगरपालीका,2031,4,,t,t,,,,,,,f,1,f,
2395,2395,1,,Aaurahi Municipality,औरही नगरपालिका,2025,5,,t,t,,,,,,,f,1,f,
2445,2445,1,,CHHATRAKOT RURAL MUNICIPALITY,छत्रकोट गाउँपालिका,2059,4,,t,t,,,,,,,f,1,f,
2446,2446,1,,Umakunda Rural Municipality,उमाकुण्ड गाउँपालिका,2031,4,,t,t,,,,,,,f,1,f,
2410,2410,1,,Hariwan Municipality,हरिवन नगरपालिका,2026,5,,t,t,,,,,,,f,1,f,
2411,2411,1,,Barahthawa Municipality,बरहथवा नगरपालिका,2026,5,,t,t,,,,,,,f,1,f,
2415,2415,1,,Balara  Municipaltiy,बलरा नगरपालिका,2026,5,,t,t,,,,,,,f,1,f,
2417,2417,1,,Godaita  Municipaltiy,गोडैटा नगरपालिका,2026,5,,t,t,,,,,,,f,1,f,
2418,2418,1,,Bagmati Municipality,बागमती नगरपालिका,2026,5,,t,t,,,,,,,f,1,f,
2408,2408,1,,Haripurba Municipality,हरिपुर्वा नगरपालिका,2026,5,,t,t,,,,,,,f,1,f,
2404,2404,1,,Lalbandi  Municipaltiy,लालबन्दी नगरपालिका,2026,5,,t,t,,,,,,,f,1,f,
2448,2448,1,,DHURKOT RURAL MUNICIPALITY,धुर्कोट गाउँपालिका,2059,4,,t,t,,,,,,,f,1,f,
2442,2442,1,,Rurukshetra RURAL MUNICIPALITY,रुरुक्षेत्र गाउँपालिका,2059,4,,t,t,,,1001,52:16.9,,,f,1,f,
2405,2405,1,,Dudhauli Municipality,दुधौली नगरपालीका,2032,4,,t,t,,,1001,08:30.7,,,f,1,f,
2412,2412,1,,Golanjor Rural Municipality,गोलन्जोर गाउँपालिका,2032,4,,t,t,,,1001,08:52.7,,,f,1,f,
2421,2421,1,,Ghyanlekh Rural Municipality,घ्याङलेख गाउँपालिका,2032,4,,t,t,,,1001,09:18.3,,,f,1,f,
2425,2425,1,,Tinpatan Rural Municipality,तिनपाटन गाउँपालिका,2032,4,,t,t,,,1001,09:33.3,,,f,1,f,
2433,2433,1,,Marin Rural Municipality,मरिण गाउँपालिका,2032,4,,t,t,,,1001,09:56.0,,,f,1,f,
2440,2440,1,,Hariharpurgadhi Rural Municipality,हरिहरपुरगढी गाउँपालिका,2032,4,,t,t,,,1001,10:34.5,,,f,1,f,
2414,2414,1,,Mayadevi Rural Municipality,मायादेवी गाउँपालिका,2056,4,,t,t,,,1001,55:14.4,,,f,1,f,
2394,2394,1,,Chhatradev Rural Municipality,छत्रदेव गाउँपालिका,2058,4,,t,t,,,1001,58:26.5,,,f,1,f,
2396,2396,1,,Panini Rural Municipality,पाणिनी गाउँपालिका,2058,4,,t,t,,,1001,58:47.9,,,f,1,f,
2398,2398,1,,Malarani Rural Municipality,मालारानी गाउँपालिका,2058,4,,t,t,,,1001,59:03.9,,,f,1,f,
2449,2449,1,,Khadadevi Rural Municipality,खाडादेवि  गाउँपालिका,2031,4,,t,t,,,,,,,f,1,f,
2451,2451,1,,MADANE RURAL MUNICIPALITY,मदाने गाउँपालिका,2059,4,,t,t,,,,,,,f,1,f,
2452,2452,1,,MAALIKA RURAL MUNICIPALITY,मालिका गाउँपालिका,2059,4,,t,t,,,,,,,f,1,f,
2493,2493,1,,Suddhodhan Rural Municipality,शुद्धोधन गाउँपालिका,2055,4,,t,t,,,,,,,f,1,f,
2456,2456,1,,Doramba Rural Municipaltiy,दोरम्बा गाउँपालिका,2031,4,,t,t,,,,,,,f,1,f,
2461,2461,1,,Nisdi Rural Municipality,निस्दी गाउँपालिका,2057,4,,t,t,,,,,,,f,1,f,
2462,2462,1,,Purbakhola Rural Municipality,पुर्वखोला गाउँपालिका,2057,4,,t,t,,,,,,,f,1,f,
2463,2463,1,,Rambha Rural Municipality,रम्भा गाउँपालिका,2057,4,,t,t,,,,,,,f,1,f,
2464,2464,1,,Gaidhawa Rural Municipality,गैडहवा गाउँपालिका,2055,4,,t,t,,,,,,,f,1,f,
2465,2465,1,,Mathagadhi Rural Municipality,माथागढी गाउँपालिका,2057,4,,t,t,,,,,,,f,1,f,
2466,2466,1,,Tinau Rural Municipality,तिनाउ गाउँपालिका,2057,4,,t,t,,,,,,,f,1,f,
2467,2467,1,,Bagnaskali Rural Municipality,बगनासकाली गाउँपालिका,2057,4,,t,t,,,,,,,f,1,f,
2469,2469,1,,Ribdikot Rural Municipality,रिब्दीकोट गाउँपालिका,2057,4,,t,t,,,,,,,f,1,f,
2471,2471,1,,Raina Rural Municipality,रैनादेवी गाउँपालिका,2057,4,,t,t,,,,,,,f,1,f,
2485,2485,1,,Kanchan Rural Municipality,कन्चन गाउँपालिका,2055,4,,t,t,,,,,,,f,1,f,
2486,2486,1,,Kotahimai Rural Muncipal,कोटहीमाई गाउँपालिका,2055,4,,t,t,,,,,,,f,1,f,
2487,2487,1,,Marchawari Rural Municipality,मर्चवारी गाउँपालिका,2055,4,,t,t,,,,,,,f,1,f,
2488,2488,1,,Mayadevi Rural Municipality,मायादेवी गाउँपालिका,2055,4,,t,t,,,,,,,f,1,f,
2489,2489,1,,Omsatiya Rural Municipality,ओमसतिया गाउँपालिका,2055,4,,t,t,,,,,,,f,1,f,
2490,2490,1,,Rohini Rural Municipality,रोहिणी गाउँपालिका,2055,4,,t,t,,,,,,,f,1,f,
2491,2491,1,,Sammarimari Rural Municipality,सम्मरीमाई गाउँपालिका,2055,4,,t,t,,,,,,,f,1,f,
2492,2492,1,,Siyari Rural Municipality,सियारी गाउँपालिका,2055,4,,t,t,,,,,,,f,1,f,
2508,2508,1,,Indrabati  Rural Municipality,ईन्द्राबती गाँउपालिका,2034,4,,t,t,,,,,,,f,1,f,
2511,2511,1,,Aalital Rural Municipaltiy,आलिताल गाउँपालिका,2082,4,,t,t,,,,,,,f,1,f,
2512,2512,1,,Bhageswar Rural Municipality,भागेश्वर गाउँपालिका,2082,4,,t,t,,,,,,,f,1,f,
2513,2513,1,,Nawadurga Rural Municipality,नवदुर्गा गाउँपालिका,2082,4,,t,t,,,,,,,f,1,f,
2514,2514,1,,Jugal Rural Minicipality,जुगल गाँउपालिका,2034,4,,t,t,,,,,,,f,1,f,
2515,2515,1,,Ajayameru Rural Municipality,अजयमेरू गाउँपालिका,2082,4,,t,t,,,,,,,f,1,f,
2516,2516,1,,Pachapokhari Thanpal Rural Minicipality,पाँचपोखरी थाङपाल गाउँपालिका,2034,4,,t,t,,,,,,,f,1,f,
2517,2517,1,,Ganyapdhura Rural Municipality,गन्यापधुरा गाउँपालिका,2082,4,,t,t,,,,,,,f,1,f,
2518,2518,1,,Balefi Rural Municipality,बलेफी गाउँपालिका,2034,4,,t,t,,,,,,,f,1,f,
2522,2522,1,,Bhotekoshi Rural Municipality,भाटेकोशी गाउँपालिका,2034,4,,t,t,,,,,,,f,1,f,
2524,2524,1,,Sunarya Rural Municipality,सुर्नया गाउँपालिका,2081,4,,t,t,,,,,,,f,1,f,
2525,2525,1,,Sigas Rural Municipality,सिगास गाउँपालिका,2081,4,,t,t,,,,,,,f,1,f,
2526,2526,1,,Shivanath Rural Municipality,शिवनाथ गाउँपालिका,2081,4,,t,t,,,,,,,f,1,f,
2527,2527,1,,Lisakhu pakhar Rural Municipality,लिसंखु पाखर गाउँपालिका,2034,4,,t,t,,,,,,,f,1,f,
2528,2528,1,,Pancheshwor Rural Municipality,पन्चेश्वर गाउँपालिका,2081,4,,t,t,,,,,,,f,1,f,
2529,2529,1,,Dogadakedar Rural Municipality,दोगडाकेदार गाउँपालिका,2081,4,,t,t,,,,,,,f,1,f,
2530,2530,1,,Dilasaini Rural Municipality,डिलासैनी गाउँपालिका,2081,4,,t,t,,,,,,,f,1,f,
2531,2531,1,,Sunkoshi Rural Municipality,सुनकोशी गाउँपालिका,2034,4,,t,t,,,,,,,f,1,f,
2533,2533,1,,Helambu Rular Municipality,हेलम्बु गाउँपालिका,2034,4,,t,t,,,,,,,f,1,f,
2450,2450,1,,Kalinchowok Rural Municipaltiy,कालिन्चोक गाउँपालिका,2030,4,,t,t,,,1001,03:54.0,,,f,1,f,
2453,2453,1,,Gokul Ganga Rural Municipality,गोकुलगङगा  गाउँपालिका,2031,4,,t,t,,,1001,06:53.8,,,f,1,f,
2459,2459,1,,Sunpati Rural Municipality,सुनापती गाउँपालिका,2031,4,,t,t,,,1001,07:14.8,,,f,1,f,
2458,2458,1,,Likhu Tamakoshi Rural Municipality,लिखु तामाकोशी गाउँपालिका,2031,4,,t,t,,,1001,07:31.0,,,f,1,f,
2536,2536,1,,Tirpurasundari Rural Municipality,त्रिपुरासुन्दरी गाउँपालिका,2034,4,,t,t,,,,,,,f,1,f,
2548,2548,1,,Khanikhola Rural Municipality,खानीखोला गाउँपालिका,2033,4,,t,t,,,,,,,f,1,f,
2565,2565,1,,Chaurideaurali Rural Municipality,चौरीदेउराली गाउँपालिका,2033,4,,t,t,,,,,,,f,1,f,
2567,2567,1,,Bethanchowok Rural Municipality,बेथानचोक गाउँपालिका,2033,4,,t,t,,,,,,,f,1,f,
2569,2569,1,,Bhumlu Rural Municipality,भुम्लु गाउँपालिका,2033,4,,t,t,,,,,,,f,1,f,
2570,2570,1,,Putha utarganga Rural Municipality,पुथा उत्तरगंगा गाउँपालिका,2060,4,,t,t,,,,,,,f,1,f,
2572,2572,1,,Bhume  Rural Municipality,भुमे गाउँपालिका,2060,4,,t,t,,,,,,,f,1,f,
2582,2582,1,,Konjyoshoma Rural Municipality,कोन्ज्योसोम गाउँपालिका,2041,4,,t,t,,,,,,,f,1,f,
2583,2583,1,,Bagmati Rural Municipality,बाग्मती गाउँपालिका,2041,4,,t,t,,,,,,,f,1,f,
2586,2586,1,,Mahanala Rural Municipality,महाङाल गाउँपालिका,2041,4,,t,t,,,,,,,f,1,f,
2591,2591,1,,Gaumul Rural Municipality,गौमुल गाउँपालिका,2076,4,,t,t,,,,,,,f,1,f,
2599,2599,1,,HIMALI RURAL MUNICIPALITY,हिमाली गाउँपालिका,2076,4,,t,t,,,,,,,f,1,f,
2628,2628,1,,TALKOT RURAL MUNICIPALITY,तलकोट गाउँपालिका,2077,4,,t,t,,,,,,,f,1,f,
2629,2629,1,,MASTA RURAL MUNICIPALITY,मष्टा गाउँपालिका,2077,4,,t,t,,,,,,,f,1,f,
2631,2631,1,,KHAPTADCHHATRA Rural Municipaltiy,खप्तडछात्रा गाउँपालिका,2077,4,,t,t,,,,,,,f,1,f,
2633,2633,1,,Thalara Rural Municipality,थलारा गाँउपालिका,2077,4,,t,t,,,,,,,f,1,f,
2634,2634,1,,Bitthadachir Rural Municipality,वित्थडचिर गाउँपालिका,2077,4,,t,t,,,,,,,f,1,f,
2636,2636,1,,Surma Rural Municipality,सूर्मा गाउँपालिका,2077,4,,t,t,,,,,,,f,1,f,
2637,2637,1,,Chabispathivera Rural Municipality,छबिसपाथीभेरा गाउँपालिका,2077,4,,t,t,,,,,,,f,1,f,
2639,2639,1,,Durgathali Rural Municipality,दुर्गाथली गाउँपालिका,2077,4,,t,t,,,,,,,f,1,f,
2641,2641,1,,Kedarsyun Rural Municipality,केदारस्युँ गाउँपालिका,2077,4,,t,t,,,,,,,f,1,f,
2652,2652,1,,Churpati Rural Municipality,चौरपाटी गाउँपालिका,2079,4,,t,t,,,,,,,f,1,f,
2654,2654,1,,Mellekha Rural Municipality,मेल्लेख गाउँपालिका,2079,4,,t,t,,,,,,,f,1,f,
2655,2655,1,,Batrigadi Jaygadi Rural Municipality,बात्रीगढी जयगढ गाउँपालिका,2079,4,,t,t,,,,,,,f,1,f,
2537,2537,1,,Bulintar Rural Municipaltiy,बुलीङटार गाउँपालिका,2053,4,,t,t,,,,,,,f,1,f,
2540,2540,1,,Hupsekot Rural Municipality,हुप्सेकोट गाउँपालिका,2053,4,,t,t,,,,,,,f,1,f,
2539,2539,1,,Sarabal Rural Municipaltiy,सरावल गाउँपालिका,2054,5,,t,t,,,,,,,f,1,f,
2573,2573,1,,Sisne  Rural Municipality,सिस्ने गाउँपालिका,2060,4,,t,t,,,,,,,f,1,f,
2576,2576,1,,Tribeni  Rural Municipality,त्रिवेणी गाउँपालिका,2066,4,,t,t,,,,,,,f,1,f,
2575,2575,1,,Mahavarat Rural Municipality,महाभारत गाउँपालिका,2033,4,,t,t,,,,,,,f,1,f,
2577,2577,1,,Roshi Rural Municipality,रोशी गाउँँपालिका,2033,4,,t,t,,,,,,,f,1,f,
2656,2656,1,,Dupcheshowar Rural Municipality,दुप्चेश्रर गाउँपालिका,2036,4,,t,t,,,1001,14:42.8,,,f,1,f,
2574,2574,1,,Baphikot  Rural Municipality,बाँफिकोट गाउँपालिका,2066,4,,t,t,,,,,,,f,1,f,
2578,2578,1,,Sanibheri  Rural Municipality,सानीभेरी गाउँपालिका,2066,4,,t,t,,,,,,,f,1,f,
2630,2630,1,,Aautirgaya Rural Municipality,उतरगया गाउँपालिका,2035,4,,t,t,,,1001,12:42.5,,,f,1,f,
2827,2827,1,,Chingad  Rural Municipality,चिङ्गाड गाउँपालिका,2075,4,,t,t,,,,,,,f,1,f,
2594,2594,1,,Jagannath RURAL MUNICIPALITY,जगन्‍नाथ गाउँपालिका,2076,4,,t,t,,,1001,50:03.7,,,f,1,f,
2596,2596,1,,SWAMIKARTIK khapar RURAL MUNICIPALITY,स्वामीकार्तिक खापर गाउँपालिका,2076,4,,t,t,,,1001,50:27.4,,,f,1,f,
2598,2598,1,,Khaptad Chhededaha MUNICIPALITY,खप्तड छेडेदह गाउँपालिका,2076,4,,t,t,,,1001,50:49.0,,,f,1,f,
2566,2566,1,,Temal Rural Municipality,तेमाल गाउँपालिका,2033,4,,t,t,,,1001,10:53.5,,,f,1,f,
2646,2646,1,,Kakani Rural Municipality,ककनी गाउँँपालिका,2036,4,,t,t,,,1001,13:19.9,,,f,1,f,
2632,2632,1,,Kalika Rural Municipality,कालिका गाउँपालिका,2035,4,,t,t,,,1001,11:34.6,,,f,1,f,
2635,2635,1,,Goshahikundha Rural Municipality,गोसाईकुण्ड गाउँपालिका,2035,4,,t,t,,,1001,11:49.6,,,f,1,f,
2638,2638,1,,Naukundha Rural Municipality,नौकुन्ड गाउँपालिका,2035,4,,t,t,,,1001,12:02.1,,,f,1,f,
2640,2640,1,,Aamachhodingmo Rular Municipality,आमाछोदिङमो गाउँपालिका,2035,4,,t,t,,,1001,12:17.0,,,f,1,f,
2650,2650,1,,Tadi Rural Municipality,तादी गाउँपालिका,2036,4,,t,t,,,1001,14:04.8,,,f,1,f,
2653,2653,1,,Tarakeshowar Rural Municipality,तारकेश्वर गाउँपालिका,2036,4,,t,t,,,1001,14:23.0,,,f,1,f,
2534,2534,1,,Partappur Rural Municipality,प्रतापपुर गाउँपालिका,2054,5,,t,t,,,1001,49:49.7,,,f,1,f,
2657,2657,1,,Ramaroshan Rural Municipality,रामारोशन गाउँपालिका,2079,4,,t,t,,,,,,,f,1,f,
2658,2658,1,,Dhakari Rural Municipality,ढकारी गाउँपालिका,2079,4,,t,t,,,,,,,f,1,f,
2660,2660,1,,Turmakhad Rural Municipality,तुर्माखाँद गाउँपालिका,2079,4,,t,t,,,,,,,f,1,f,
2665,2665,1,,Purbichuki Rural Municipality,पूर्वीचौकी गाउँपालिका,2078,4,,t,t,,,,,,,f,1,f,
2667,2667,1,,Badikedar Rural Municipality,बडिकेदार गाउँपालिका,2078,4,,t,t,,,,,,,f,1,f,
2668,2668,1,,Jorayal Rural Municipality,जोरायल गाउँपालिका,2078,4,,t,t,,,,,,,f,1,f,
2669,2669,1,,Sayal Rural Municipality,सायल गाउँपालिका,2078,4,,t,t,,,,,,,f,1,f,
2670,2670,1,,Aadarsha Rural Municipality,आर्दश गाउँपालिका,2078,4,,t,t,,,,,,,f,1,f,
2672,2672,1,,K.I.C Rural Municipality,कें.आई.सी गाउँपालिका,2078,4,,t,t,,,,,,,f,1,f,
2687,2687,1,,Gauriganga Municipality,गौरीगंगा नगरपालीका,2084,4,,t,t,,,,,,,f,1,f,
2689,2689,1,,Janaki  Rural Municipality,जानकी गाउँपालिका,2084,4,,t,t,,,,,,,f,1,f,
2690,2690,1,,Bardagoriya  Rural Municipality,बर्दगोरिया गाउँपालिका,2084,4,,t,t,,,,,,,f,1,f,
2692,2692,1,,Mohanyal  Rural Municipality,मोहन्याल गाउँपालिका,2084,4,,t,t,,,,,,,f,1,f,
2693,2693,1,,Kailali  Rural Municipality,कैलाली गाउँपालिका,2084,4,,t,t,,,,,,,f,1,f,
2694,2694,1,,Josipur  Rural Municipality,जोशीपुर गाउँपालिका,2084,4,,t,t,,,,,,,f,1,f,
2696,2696,1,,Chure  Rural Municipality,चुरे गाउँपालिका,2084,4,,t,t,,,,,,,f,1,f,
2714,2714,1,,Beldandi  Rural Municipality,बेलडाँडी गाउँपालिका,2083,4,,t,t,,,,,,,f,1,f,
2715,2715,1,,Chandrapur Muncipality,चन्द्रपुर नगरपालीका,2027,4,,t,t,,,,,,,f,1,f,
2717,2717,1,,Laljhadi  Rural Municipality,लालझाडी गाउँपालिका,2083,4,,t,t,,,,,,,f,1,f,
2721,2721,1,,Malikarjun  Rural Municipality,मालिकार्जुन गाउँपालिका,2080,4,,t,t,,,,,,,f,1,f,
2724,2724,1,,Apihimal  Rural Municipality,अपिहिमाल गाउँपालिका,2080,4,,t,t,,,,,,,f,1,f,
2725,2725,1,,Gaur Muncipality,गौर नगरपालीका,2027,4,,t,t,,,,,,,f,1,f,
2726,2726,1,,Duhu  Rural Municipality,दुहुँ गाउँपालिका,2080,4,,t,t,,,,,,,f,1,f,
2676,2676,1,,Hetauda Sub-Metropolitain,हेटौडा उप महानगरपालीका,2039,4,,t,t,,,1001,23:28.9,,,f,1,f,
2673,2673,1,,Bogatan Phudsil Rural Municipality,बोगटान फुड्सिल गाउँपालिका,2078,4,,t,t,,,1001,51:42.4,,,f,1,f,
2661,2661,1,,Likhu Rural Municipality,लिखु गाउँपालिका,2036,4,,t,t,,,1001,15:21.8,,,f,1,f,
2666,2666,1,,Shivapuri Rural Municipality,शिबपुरी गाउँपालिका,2036,4,,t,t,,,1001,15:47.4,,,f,1,f,
2671,2671,1,,Sureygadhi Rural Municipality,सुर्यगढी गाउँपालिका,2036,4,,t,t,,,1001,16:02.9,,,f,1,f,
2682,2682,1,,Khaniyabasa Rural Municipality,खनियाबास गाउँपालिका,2037,4,,t,t,,,1001,19:25.7,,,f,1,f,
2686,2686,1,,Gajuri Rural Municipality,गजुरी गाउँपालिका,2037,4,,t,t,,,1001,19:41.8,,,f,1,f,
2691,2691,1,,Galchhi Rural Municipality,गल्छी गाउँपालिका,2037,4,,t,t,,,1001,20:01.9,,,f,1,f,
2680,2680,1,,Taha Muncipality,थाहा नगरपालीका,2039,4,,t,t,,,1001,23:37.7,,,f,1,f,
2684,2684,1,,Indrasarobar Rural Municipality,इन्द्रसरोवर गाउँपालिका,2039,4,,t,t,,,1001,23:57.8,,,f,1,f,
2688,2688,1,,Kailash Rural Municipality,कैलास गाउँपालिका,2039,4,,t,t,,,1001,24:13.3,,,f,1,f,
2695,2695,1,,Bakaiya Rural Municipality,बकैया गाउँपालिका,2039,4,,t,t,,,1001,24:33.4,,,f,1,f,
2698,2698,1,,Bagmati Rural Municipality,वाग्मती गाउँपालिका,2039,4,,t,t,,,1001,24:48.6,,,f,1,f,
2702,2702,1,,Bhimphadi Rural Municipality,भिमफेदी गाउँपालिका,2039,4,,t,t,,,1001,25:00.6,,,f,1,f,
2705,2705,1,,Makwanpurgadhi Rural Municipality,मकवानपुरगढी गाउँपालीका,2039,4,,t,t,,,1001,25:16.7,,,f,1,f,
2707,2707,1,,Manahari Rural Municipality,मनहरी गाउँपालीका,2039,4,,t,t,,,1001,25:31.4,,,f,1,f,
2710,2710,1,,Rakshi Rang Rural Municipality,राक्सिराङ गाउपालीका,2039,4,,t,t,,,1001,25:48.2,,,f,1,f,
2727,2727,1,,Naugad  Rural Municipality,नौगाड गाउँपालिका,2080,4,,t,t,,,,,,,f,1,f,
2729,2729,1,,Marma  Rural Municipality,मार्मा गाउँपालिका,2080,4,,t,t,,,,,,,f,1,f,
2731,2731,1,,Lekam  Rural Municipality,लेकम गाउँपालिका,2080,4,,t,t,,,,,,,f,1,f,
2733,2733,1,,Byas  Rural Municipality,ब्याँस गाउँपालिका,2080,4,,t,t,,,,,,,f,1,f,
2737,2737,1,,Durga bhanwoti Rular Muncipality,दुर्गा भगवती गाउँपालिका,2027,4,,t,t,,,,,,,f,1,f,
2776,2776,1,,Kalaiya submetropolitiancity,कलैया उपमहानगरपालीका,2028,4,,t,t,,,,,,,f,1,f,
2783,2783,1,,Jitpursimara Submetropolitiancity,जितपुरसिमारा उपमहानगरपालीका,2028,4,,t,t,,,,,,,f,1,f,
2787,2787,1,,Kohalbi Muncipality,कोहल्वी नगरपालीका,2028,4,,t,t,,,,,,,f,1,f,
2790,2790,1,,Nijgadha Muncipality,निजगढ नगरपालीका,2028,4,,t,t,,,,,,,f,1,f,
2792,2792,1,,Mahagadhimai Muncipality,महागढीमाई नगरपालीका,2028,4,,t,t,,,,,,,f,1,f,
2797,2797,1,,Adarsha kotwal Rural Muncipality,आर्दश कोटवाल गाउँपालीका,2028,4,,t,t,,,,,,,f,1,f,
2799,2799,1,,Karaiyamai Rural Muncipality,करैयामाई गाउँपालिका,2028,4,,t,t,,,,,,,f,1,f,
2800,2800,1,,Aabukhaireni Rural  Municipality,आँबुखैरेनी गाउँपालीका,2045,4,,t,t,,,,,,,f,1,f,
2801,2801,1,,Debtal Rural Muncipality,देवताल गाउँपालीका,2028,4,,t,t,,,,,,,f,1,f,
2818,2818,1,,Parwanipur Rural Muncipality,परवानीपुर गाउँपालीका,2028,4,,t,t,,,,,,,f,1,f,
2819,2819,1,,Chukune Rural Municipality,चौकुने गाउँपालिका,2075,4,,t,t,,,,,,,f,1,f,
2820,2820,1,,Ghiringa Rural Municipality,घिरिङ गाउँपालीका,2045,4,,t,t,,,,,,,f,1,f,
2821,2821,1,,Parsauni Rular Muncipality,प्रसौनी गाउँपालीका,2028,4,,t,t,,,,,,,f,1,f,
2822,2822,1,,Barahatal  Rural Municipality,बराहताल गाउँपालिका,2075,4,,t,t,,,,,,,f,1,f,
2824,2824,1,,Fetha Rular Muncipality,फेटा गाउँपालीका,2028,4,,t,t,,,,,,,f,1,f,
2753,2753,1,,Barpak Sulikot Rural Municipaltiy,बारपाक सुलिकोट गाउँपालिका,2043,4,,t,t,,,1001,31:48.4,,,f,1,f,
2775,2775,1,,Sahid lakhan Rural Municipality,शहिद लखन गाउँपालिका,2043,4,,t,t,,,1001,38:36.4,,,f,1,f,
2758,2758,1,,Chumanubi Rural Municipality,चुमनुबी गाउँपालीका,2030,4,,t,t,,,1001,06:09.7,,,f,1,f,
2745,2745,1,,Icchakamana Rural Municipality,इच्छाकामना गाउँपालीका,2038,4,,t,t,,,1001,23:11.6,,,f,1,f,
2754,2754,1,,Siranchowok Rural Municipality,सिरानचोक गाउँपालीका,2043,4,,t,t,,,1001,37:49.0,,,f,1,f,
2757,2757,1,,Gandaki Rural Municipality,गण्डकी गाउँपालीका,2043,4,,t,t,,,1001,38:12.5,,,f,1,f,
2759,2759,1,,Dhache Rural Municipality,धार्चे गाउँपालीका,2043,4,,t,t,,,1001,38:21.1,,,f,1,f,
2774,2774,1,,Bhimsenthapa Rural Municipality,भिमसेनथापा गाउँपालिका,2043,4,,t,t,,,1001,38:28.8,,,f,1,f,
2728,2728,1,,Baudhimai Muncipality,बौधीमाइ नगरपालीका,2027,5,,t,t,,,1001,51:59.3,,,f,1,f,
2730,2730,1,,Brindaban Muncipality,बृदावन नगरपालिका,2027,5,,t,t,,,1001,52:20.3,,,f,1,f,
2734,2734,1,,Debahi Gonahi Muncipality,देवाही गोनाही नगरपालिका,2027,5,,t,t,,,1001,52:41.2,,,f,1,f,
2739,2739,1,,Gadhimai Muncipality,गढीमाई नगरपालिका,2027,5,,t,t,,,1001,53:06.2,,,f,1,f,
2740,2740,1,,Gajura Muncipality,गँजुरा नगरपालिका,2027,5,,t,t,,,1001,53:22.8,,,f,1,f,
2744,2744,1,,Madhav Naryana Muncipality,माधव नारायण नगरपालिका,2027,5,,t,t,,,1001,53:58.7,,,f,1,f,
2746,2746,1,,Maulapur  Muncipality,मौलापुर नगरपालिका,2027,5,,t,t,,,1001,54:15.5,,,f,1,f,
2747,2747,1,,Phatuwabijyapur  Muncipality,फतुवाविजउपुर नगरपालिका,2027,5,,t,t,,,1001,54:38.8,,,f,1,f,
2748,2748,1,,Ishnath  Muncipality,ईसनाथ नगरपालिका,2027,5,,t,t,,,1001,54:56.2,,,f,1,f,
2750,2750,1,,Paroha  Muncipality,परोहा नगरपालिका,2027,5,,t,t,,,1001,55:14.9,,,f,1,f,
2752,2752,1,,Rajapur  Muncipality,राजपुर नगरपालिका,2027,5,,t,t,,,1001,56:26.2,,,f,1,f,
2781,2781,1,,Kabholasothar  Rural Municipality,कव्होलासोथार गाउँपालीका,2044,4,,t,t,,,1001,39:40.0,,,f,1,f,
2782,2782,1,,dudhapokhari Rural Municipality,दुधपोखरी गाउँपालीका,2044,4,,t,t,,,1001,39:47.5,,,f,1,f,
2786,2786,1,,Dodri Rural Municipality,दोर्दी गाँउपालिका,2044,4,,t,t,,,1001,39:54.2,,,f,1,f,
2789,2789,1,,Marsand Rural Municipality,मस्र्याङदी गाउँपालीका,2044,4,,t,t,,,1001,40:00.8,,,f,1,f,
2826,2826,1,,Baragadhi Rural Muncipality,बारागढी गाउँपालीका,2028,4,,t,t,,,,,,,f,1,f,
2830,2830,1,,Simta  Rural Municipality,सिम्ता गाउँपालिका,2075,4,,t,t,,,,,,,f,1,f,
2875,2875,1,,Birgunj MetropolitanCity,वीरगंज महानगरपालिका,2029,7,,t,t,,,,,,,f,1,f,
2854,2854,1,,Bhagwatimae  Rural Municipality,भगवतीमाई गाउँपालिका,2074,4,,t,t,,,,,,,f,1,f,
2855,2855,1,,Guras  Rural Municipality,गुरास गाउँपालिका,2074,4,,t,t,,,,,,,f,1,f,
2876,2876,1,,Dungedhar  Rural Municipality,डुङ्गेधर गाउँपालिका,2074,4,,t,t,,,,,,,f,1,f,
2878,2878,1,,Naumule  Rural Municipality,नैमुले गाउँपालिका,2074,4,,t,t,,,,,,,f,1,f,
2879,2879,1,,Mahabu  Rural Municipality,महाबु गाउँपालिका,2074,4,,t,t,,,,,,,f,1,f,
2880,2880,1,,Bhirabi  Rural Municipality,भैरवी गाउँपालिका,2074,4,,t,t,,,,,,,f,1,f,
2882,2882,1,,Thatikadha  Rural Municipality,ठाँटीकाँध गाउँपालिका,2074,4,,t,t,,,,,,,f,1,f,
2887,2887,1,,Junicade  Rural Municipality,जुनीचाँदे गाउँपालिका,2073,4,,t,t,,,,,,,f,1,f,
2888,2888,1,,Barekot  Rural Municipality,बारेकोट गाउँपालिका,2073,4,,t,t,,,,,,,f,1,f,
2889,2889,1,,Pokharia Muncipality,पोखरीया नगरपालीका,2029,4,,t,t,,,,,,,f,1,f,
2890,2890,1,,Shibalaya  Rural Municipality,शिवालय गाउँपालिका,2073,4,,t,t,,,,,,,f,1,f,
2897,2897,1,,Jagarnathpur Rural Muncipality,जगरनाथपुर गाउँपालीका,2029,4,,t,t,,,,,,,f,1,f,
2898,2898,1,,Dhobini Rural Muncipality,धोबिनी गाउँपालीका,2029,4,,t,t,,,,,,,f,1,f,
2899,2899,1,,Dulpo duddha  Rural Municipality,डोल्पो वुद्ध गाउँपालिका,2068,4,,t,t,,,,,,,f,1,f,
2900,2900,1,,Chipaharmai Rural Muncipality,छिपहरमाई गाउँपालीका,2029,4,,t,t,,,,,,,f,1,f,
2901,2901,1,,She phoksundo  Rural Municipality,शे फोक्सुण्डो गाउँपालिका,2068,4,,t,t,,,,,,,f,1,f,
2902,2902,1,,Jagdulla Rural Municipality,जगदुल्ला गाउँपालिका,2068,4,,t,t,,,,,,,f,1,f,
2903,2903,1,,Pakaha Mainpur Rural Muncipality,पकाहा मैनपुर गाउँपालीका,2029,4,,t,t,,,,,,,f,1,f,
2904,2904,1,,Mudkecula  Rural Municipality,मुडकेचुला गाउँपालिका,2068,4,,t,t,,,,,,,f,1,f,
2905,2905,1,,Bindbasini Rural Muncipality,बिन्दबासिनी गाउँपालीका,2029,4,,t,t,,,,,,,f,1,f,
2906,2906,1,,Kaeke  Rural Municipality,काईके गाउँपालिका,2068,4,,t,t,,,,,,,f,1,f,
2915,2915,1,,Charka tanson  Rural Municipality,छार्का ताङसोङ गाउँपालिका,2068,4,,t,t,,,,,,,f,1,f,
2919,2919,1,,Sakhuwa Parsauni Rural Muncipality,सखुवा प्रसौनी गाउँपालीका,2029,4,,t,t,,,,,,,f,1,f,
2920,2920,1,,Kankasundari Rural Municipality,कनकासुन्दरी गाउँपालिका,2069,4,,t,t,,,,,,,f,1,f,
2921,2921,1,,Sreja  Rural Municipality,र्सिजा गाउँपालिका,2069,4,,t,t,,,,,,,f,1,f,
2922,2922,1,,Paterwa sugauli Rural Muncipality,पटेर्वा सुगौली गाउँपालीका,2029,4,,t,t,,,,,,,f,1,f,
2923,2923,1,,Hima  Rural Municipality,हिमा गाउँपालिका,2069,4,,t,t,,,,,,,f,1,f,
2924,2924,1,,Tila  Rural Municipality,तिला गाउँपालिका,2069,4,,t,t,,,,,,,f,1,f,
2925,2925,1,,Guthicaur  Rural Municipality,गुठिचौर गाउँपालिका,2069,4,,t,t,,,,,,,f,1,f,
2926,2926,1,,Tatopani  Rural Municipality,तातोपानी गाउँपालिका,2069,4,,t,t,,,,,,,f,1,f,
2927,2927,1,,Patarasi  Rural Municipality,पातारासी गाउँपालिका,2069,4,,t,t,,,,,,,f,1,f,
2954,2954,1,,Pachaljarana  Rural Municipality,पचालझरना गाउँपालिका,2072,4,,t,t,,,,,,,f,1,f,
2956,2956,1,,Satri tribeni  Rural Municipality,साञी ञिवेणी गाउँपालिका,2072,4,,t,t,,,,,,,f,1,f,
2957,2957,1,,Annapurna Rural Muncipality,अन्नपुर्ण गाउँपालीका,2046,4,,t,t,,,,,,,f,1,f,
2958,2958,1,,Narharinath  Rural Municipality,नरहरिनाथ गाउँपालिका,2072,4,,t,t,,,,,,,f,1,f,
2959,2959,1,,Machapuche Rural Muncipality,माछापुच्छे गाउँपालीका,2046,4,,t,t,,,,,,,f,1,f,
2961,2961,1,,Mahabai  Rural Municipality,महावै गाउँपालिका,2072,4,,t,t,,,,,,,f,1,f,
2960,2960,1,,Shuva Kalika Rural Municipality,शुभ कालीका गाउँपालिका,2072,4,,t,t,,,1001,49:18.3,,,f,1,f,
2917,2917,1,,Parsagadhi Muncipality,पर्सागढी नगरपालिका,2029,5,,t,t,,,1001,06:24.4,,,f,1,f,
2894,2894,1,,Jirabhawani Rural Muncipality,जिरा भवानी गाउँपालीका,2029,4,,t,t,,,1001,09:25.7,,,f,1,f,
2886,2886,1,,Kuse  Rural Municipality,कुशे गाउँपालिका,2073,4,,t,t,,,1001,52:57.9,,,f,1,f,
2749,2749,1,,Ghorakha Municipality,गोरखा नगरपालिका,2043,5,,t,t,,,1001,32:58.5,,,f,1,f,
2829,2829,1,,Bandhipur Rural Municipality,बन्दिपुर गाउँपालीका,2045,4,,t,t,,,1001,41:30.6,,,f,1,f,
2962,2962,1,,Madi Rural Muncipality,मादी गाउँपालीका,2046,4,,t,t,,,,,,,f,1,f,
2964,2964,1,,Palata  Rural Municipality,पलाता गाउँपालिका,2072,4,,t,t,,,,,,,f,1,f,
2965,2965,1,,Rupa Rural Muncipality,रूपा गाउँपालीका,2046,4,,t,t,,,,,,,f,1,f,
2976,2976,1,,Chame Rural Muncipality,चामे गाउँपालीका,2047,4,,t,t,,,,,,,f,1,f,
2985,2985,1,,Jaljala Rular Municipality,जलजला गाउँपालीका,2049,4,,t,t,,,,,,,f,1,f,
2987,2987,1,,Paiyu Rular Municipality,पैंयू गाउँपालीका,2049,4,,t,t,,,,,,,f,1,f,
2995,2995,1,,Mahashila Rular Municipality,महाशिला गाउँपालीका,2049,4,,t,t,,,,,,,f,1,f,
2996,2996,1,,Modi Rular Municipality,मोदी गाउँपालीका,2049,4,,t,t,,,,,,,f,1,f,
2998,2998,1,,Bihadi Rular Municipality,विहादी गाउँपालीका,2049,4,,t,t,,,,,,,f,1,f,
3001,3001,1,,Mugumakamarog  Rural Municipality,मुगुमकार्मार्रोग गाउँपालिका,2070,4,,t,t,,,,,,,f,1,f,
3002,3002,1,,Soru  Rural Municipality,सोरू गाउँपालिका,2070,4,,t,t,,,,,,,f,1,f,
3004,3004,1,,Khatyad  Rural Municipality,खत्याड गाउँपालिका,2070,4,,t,t,,,,,,,f,1,f,
3006,3006,1,,Simkot  Rural Municipality,सिमकोट गाउँपालिका,2071,4,,t,t,,,,,,,f,1,f,
3007,3007,1,,Galkota Municipality,गल्कोटा नगरपाकिला,2052,4,,t,t,,,,,,,f,1,f,
3008,3008,1,,Gharpaghang Rural Municipaltiy,घरपझोङ गाँउपालिका,2048,4,,t,t,,,,,,,f,1,f,
3009,3009,1,,Namkha  Rural Municipality,नाम्खा गाउँपालिका,2071,4,,t,t,,,,,,,f,1,f,
3010,3010,1,,Thasang Rural Muncipalicity,थासाङ गाउँपालीका,2048,4,,t,t,,,,,,,f,1,f,
3014,3014,1,,Khapunatha  Rural Municipality,खार्पुनाथ गाउँपालिका,2071,4,,t,t,,,,,,,f,1,f,
3015,3015,1,,Lemthang Rural Muncipality,लेमन्थाङ गाउँपालीका,2048,4,,t,t,,,,,,,f,1,f,
3018,3018,1,,Sarkegad  Rural Municipality,सर्केगाड गाउँपालिका,2071,4,,t,t,,,,,,,f,1,f,
3023,3023,1,,Aadanculi  Rural Municipality,अदानचुली गाउँपालिका,2071,4,,t,t,,,,,,,f,1,f,
3025,3025,1,,Tajakot  Rural Municipality,ताँजाकोट गाउँपालिका,2071,4,,t,t,,,,,,,f,1,f,
3028,3028,1,,Bagchaur Muncipality,बागचौर नगरपालीका,2067,4,,t,t,,,,,,,f,1,f,
3030,3030,1,,Kalimati Rural Muncipality,कालीमाटी गाउँपालीका,2067,4,,t,t,,,,,,,f,1,f,
3031,3031,1,,Tribeni Rural Muncipality,त्रिवेणी गाउँपालीका,2067,4,,t,t,,,,,,,f,1,f,
3034,3034,1,,Kapurkot  Rural Municipality,कपुरकोट गाउँपालिका,2067,4,,t,t,,,,,,,f,1,f,
3035,3035,1,,Chatredhari  Rural Municipality,छत्रेधरी गाउँपालिका,2067,4,,t,t,,,,,,,f,1,f,
2978,2978,1,,Narpa Bhumi Rural Muncipality,नार्पा भूमि गाउँपालिका,2047,4,,t,t,,,1001,36:22.1,,,f,1,f,
2974,2974,1,,Aajunchaupari Rural Municipality,अजुर्नचौपारी गाउँपालिका,2050,4,,t,t,,,1001,46:05.9,,,f,1,f,
3017,3017,1,,Varagung Muktichhetra Rural Municipality,वारागुङ मुक्तिक्षेत्र गाउँपालिका,2048,4,,t,t,,,1001,42:32.6,,,f,1,f,
3037,3037,1,,Kumakh Rural Municipality,कुमाख गाउँपालिका,2067,4,,t,t,,,1001,47:47.1,,,f,1,f,
3036,3036,1,,Siddha Kumakh Rural Municipality,सिद्ध कुमाख गाउँपालिका,2067,4,,t,t,,,1001,48:05.8,,,f,1,f,
2977,2977,1,,Aadikhola Rural Municipality,आधिखोला गाउँपालिका,2050,4,,t,t,,,1001,46:14.0,,,f,1,f,
2997,2997,1,,Biruba Rural Municipality,बिरूबा गाउँपालिका,2050,4,,t,t,,,1001,46:40.1,,,f,1,f,
3000,3000,1,,Marinasa Rural Municipality,हरिनास गाउँपालिका,2050,4,,t,t,,,1001,46:46.8,,,f,1,f,
2966,2966,1,,Beni Municipality,बेनी नगरपालिका,2051,5,,t,t,,,1001,47:01.2,,,f,1,f,
2975,2975,1,,Annapurna Rural Municipality,अन्नपुर्ण गाउँपालीका,2051,4,,t,t,,,1001,47:14.0,,,f,1,f,
2979,2979,1,,Dhaulagiri Rural Municipality,धवलागिरी गाउँपालीका,2051,4,,t,t,,,1001,47:21.7,,,f,1,f,
2980,2980,1,,Mangala Rural Municipality,मंगला गाउँपालीका,2051,4,,t,t,,,1001,47:29.1,,,f,1,f,
2981,2981,1,,Malika Rural Municipality,मालिका गाउंपाकिला,2051,4,,t,t,,,1001,47:37.3,,,f,1,f,
2982,2982,1,,Raghu Rural Municipality,रघु गंगा गाउँपालीका,2051,4,,t,t,,,1001,47:44.1,,,f,1,f,
3016,3016,1,,wareng Rural Municipality,वरेङ गाउँपालीका,2052,4,,t,t,,,1001,47:57.0,,,f,1,f,
3019,3019,1,,Kathekhola Rural Municipality,काठेखोला गाउँपालीका,2052,4,,t,t,,,1001,48:04.2,,,f,1,f,
3020,3020,1,,Tamankhola Rural Municipality,तमानखोला गाउँपालीका,2052,4,,t,t,,,1001,48:12.8,,,f,1,f,
3022,3022,1,,Tarakhola Rural Municipality,ताराखोला गाउँपालीका,2052,4,,t,t,,,1001,48:23.6,,,f,1,f,
3024,3024,1,,Nishikhola Rural Municipality,निसीखोला गाउँपालीका,2052,4,,t,t,,,1001,48:32.7,,,f,1,f,
3026,3026,1,,Badigad Rural Municipality,वडिगाड गाउँपालीका,2052,4,,t,t,,,1001,48:40.6,,,f,1,f,
3054,3054,1,,Darma  Rural Municipality,दार्मा गाउँपालिका,2067,4,,t,t,,,,,,,f,1,f,
3012,3012,1,,Dhorpatan Municipality,ढोरपाटन नगरपालिका,2052,5,,t,t,,,,,,,f,1,f,
3027,3027,1,,Sharadha municipality,सारदा नगरपालिका,2067,5,,t,t,,,,,,,f,1,f,
3032,3032,1,,Bangad kupende Municipality,बनगाड कुपेण्डे नगरपालिका,2067,5,,t,t,,,,,,,f,1,f,
2473,2473,1,,Kabasoti Municipality,कावासोती नगरपालिका,2053,4,,t,t,,,,,,,f,1,f,
2103,2103,1,,Deumai Municipality,देउमाई नगरपालीका,2010,4,,t,t,,,1001,21:11.0,,,f,1,f,
2815,2815,1,,Pachrauta Municipality,पचरौता नगरपालिका,2028,5,,t,t,,,,,,,f,1,f,
2601,2601,1,,Gokanaswor Municipality,गोकर्णेश्वर नगरपालिका,2042,5,,t,t,,,,,,,f,1,f,
2193,2193,1,,Sadhananda Municipality,षडानन्द नगरपालीका,2014,5,,t,t,,,1001,24:32.9,,,f,1,f,
2828,2828,1,,Suwarna Muncipality,सुवर्ण गाउँपालिका,2028,4,,t,t,,,,,,,f,1,f,
2795,2795,1,,Simmarngadha Muncipality,सिम्रौनगढ नगरपालिका,2028,5,,t,t,,,,,,,f,1,f,
2709,2709,1,,Shuklaphat Municipality,शुक्ला‌फाँटा नगरपालिका,2083,5,,t,t,,,1001,05:32.7,,,f,1,f,
2447,2447,1,,Bhimeshwar  Municipaltiy,भीमेश्वर नगरपालिका,2030,5,,t,t,,,,,,,f,1,f,
2005,2005,1,,Lumbini Province,लुम्बिनी प्रदेश,,2,,t,t,,,1001,50:19.6,,,f,1,f,
3078,5050,1,,rajadevi municipality,राजदेवी नगरपालिका,2027,5,,t,t,1001,13:36.5,,,,,f,1,f,
2156,2156,1,,Barahakshetra Municipaltiy,बराहक्षेत्र नगरपालिका,2021,5,,t,t,,,1001,05:13.3,,,f,1,f,
2316,2316,1,,Rajgadh RURAL MUNICIPALITY,राजगढ गाउँपालिका,2022,4,,t,t,,,1001,28:10.9,,,f,1,f,
2999,2999,1,,Nason Rural Muncipality,नासोँ गाउँपालिका,2047,4,,t,t,,,1001,33:57.5,,,f,1,f,
3003,3003,1,,Manang Ngisyang Rural Muncipality,मनाङ ङिस्याङ गाउँपालिका,2047,4,,t,t,,,1001,34:32.5,,,f,1,f,
2538,2538,1,,Binayi Tribeni Rural Municipality,विनयी-त्रिवेणी गाउँपालिका,2053,4,,t,t,,,1001,49:07.5,,,f,1,f,
2360,2360,1,,SUNIL SMRITI RURAL MUNICIPALITY,सुनिल स्मृति गाउँपालिका,2061,4,,t,t,,,1001,40:09.5,,,f,1,f,
2885,2885,1,,nalgad Municipality,नलगाड नगरपालिका,2073,5,,t,t,,,1001,48:31.7,,,f,1,f,
2642,2642,1,,Saipal Rural Municipality,साइपाल गाउँपालिका ,2077,4,,t,t,,,1001,51:18.2,,,f,1,f,
2955,2955,1,,Pokhara Metropolitan City,पोखरा महानगरपालिका,2046,7,,t,t,,,1001,41:50.8,,,f,1,f,
2199,2199,1,,Temkemaiyum Rural Municipality,टेम्केमैयुङ गाउँपालिका,2014,4,,t,t,,,1001,25:02.3,,,f,1,f,
2216,2216,1,,Hatubagadhi Rural Municipality,हतुबागढी गाउँपालिका,2014,4,,t,t,,,1001,27:07.2,,,f,1,f,
2224,2224,1,,Rawabesi Rural Municipality,रावाबेसी गाउँपालिका ,2015,4,,t,t,,,1001,30:16.7,,,f,1,f,
2206,2206,1,,Mapya Dudhakoshi Rural Municipality,माप्य दुधकोशी गाउँपालिका,2016,4,,t,t,,,1001,31:17.6,,,f,1,f,
2246,2246,1,,Manebhanjyan Rural Municipaltiy,मानेभन्ज्याङ गाउँपालिका,2017,4,,t,t,,,1001,33:08.3,,,f,1,f,
2115,2115,1,,Bhadrapur Municipality,भद्रपुर नगरपालिका,2019,5,,t,t,,,1001,35:37.3,,,f,1,f,
2126,2126,1,,Kanachanakabal Rural Municipality,कचनकबल गाउँपालिका,2019,4,,t,t,,,1001,38:17.3,,,f,1,f,
2127,2127,1,,Biratnagar Metropolitan City,विराटनगर महानगरपालिका,2020,6,,t,t,,,1001,49:05.3,,,f,1,f,
2138,2138,1,,Gramthan Rural Municipality,ग्रामथान गाउँपालिका,2020,4,,t,t,,,1001,51:10.6,,,f,1,f,
2150,2150,1,,Ithari Sub-Metropolitan City,ईटहरी उप-महानगरपालिका,2021,6,,t,t,,,1001,52:12.3,,,f,1,f,
2153,2153,1,,Duhabi Municipality,दुहबी नगरपालिका,2021,5,,t,t,,,1001,52:31.0,,,f,1,f,
2168,2168,1,,Bhokraha Narsingh Rural Municipality,भोक्राहा नरसिंह गाउँपालिका,2021,4,,t,t,,,1001,53:22.5,,,f,1,f,
2171,2171,1,,Harinagar Rural Municipality,हरिनगर गाउँपालिका,2021,4,,t,t,,,1001,53:52.7,,,f,1,f,
2282,2282,1,,Bodebarsain Municipality,बोदेबरसाईन नगरपालीका,2022,5,,t,t,,,1001,55:59.9,,,f,1,f,
2535,2535,1,,Baudikali Rural Municipality,बौदीकाली गाउँपालिका,2053,4,,t,t,,,1001,48:52.1,,,f,1,f,
2532,2532,1,,palhinnadan Rural Municipality,पाल्हीनन्दन गाउँपालिका,2054,5,,t,t,,,1001,49:41.6,,,f,1,f,
2306,2306,1,,Saptakoshi Municipality ,सप्तकोसी नगरपालिका,2022,5,,t,t,,,1001,59:28.5,,,f,1,f,
2343,2343,1,,Sakhunankarakatti Rural Municipality,सखुवानान्कारकटी गाउँपालिका,2023,4,,t,t,,,1001,02:44.5,,,f,1,f,
2454,2454,1,,Gaurisankar Rural Municipality,गौरिशंकर गाउँपालिका,2030,4,,t,t,,,1001,04:22.6,,,f,1,f,
2457,2457,1,,Tamakoshi Rural Municipality,तामाकोशी गाउँपालिका,2030,4,,t,t,,,1001,04:47.0,,,f,1,f,
2468,2468,1,,Sailung Rural Municipality,शैलुङ गाउँपालिका,2030,4,,t,t,,,1001,05:10.6,,,f,1,f,
2470,2470,1,,Melunga Rural Municipality,मेलुङ गाउँपालिका,2030,4,,t,t,,,1001,05:35.9,,,f,1,f,
2472,2472,1,,Baiteswar Rural Municipality,वैतेश्रर गाउँपालीका,2030,4,,t,t,,,1001,05:57.9,,,f,1,f,
3074,3074,1,,Bigu Rural Municipality,विगु गाउँपालिका,2030,4,,t,t,,,1001,06:25.8,,,f,1,f,
2400,2400,1,,Kamalamai Municipality,कमलामाई नगरपालीका,2032,4,,t,t,,,1001,08:09.2,,,f,1,f,
2436,2436,1,,Sunkoshi Rural Municipaltiy,सुनकोसी गाउँपालिका,2032,4,,t,t,,,1001,10:03.5,,,f,1,f,
2648,2648,1,,Kispanga Rural Municipality,किस्पाङ गाउँपालिका,2036,4,,t,t,,,1001,13:37.2,,,f,1,f,
2697,2697,1,,Gangajamuna Rural Municipality,गंगाजमुना गाउँपालिका,2037,4,,t,t,,,1001,20:17.0,,,f,1,f,
2700,2700,1,,Jawalamukhi Rural Municipality,ज्बालामुखी गाउँपालिका,2037,4,,t,t,,,1001,20:28.8,,,f,1,f,
2703,2703,1,,Thakre Rural Municipality,थाक्र्रे गाउँपालिका,2037,4,,t,t,,,1001,20:44.3,,,f,1,f,
2708,2708,1,,Netrawati Dabjong Rural Municipality,नेत्रावती डबजोङ गाउँपालिका,2037,4,,t,t,,,1001,20:59.6,,,f,1,f,
2711,2711,1,,Benighat Roranga Rural Municipality,बेनीघाट रोराङ गाँउपालिका,2037,4,,t,t,,,1001,21:19.8,,,f,1,f,
2716,2716,1,,Ruvi Valley Rural Municipality,रूवी भ्याली गाँउपालिका,2037,4,,t,t,,,1001,21:41.3,,,f,1,f,
2718,2718,1,,Siddhalek Rural Municipality,सिद्धलेक गाँउपालिका,2037,4,,t,t,,,1001,21:54.6,,,f,1,f,
2723,2723,1,,Tripurasundhari Rural Municipality,त्रिपुरासुन्दरी गाउँपालिका,2037,4,,t,t,,,1001,22:04.6,,,f,1,f,
2755,2755,1,,Aajirkot Rural Municipality,अजिरकोट गाउँपालीका,2043,4,,t,t,,,1001,37:56.9,,,f,1,f,
2756,2756,1,,Arughat Rural Municipality,आरूघाट गाउँपालीका,2043,4,,t,t,,,1001,38:04.9,,,f,1,f,
3079,3776,1,,Chumanuwrimun Rural Municipality,चुमनुव्री गाउँपालिका,2043,4,,t,t,1001,49:47.7,1001,38:44.0,,,f,1,f,
2794,2794,1,,Bhimad Municipality,भिमाद नगरपालिका,2045,5,,t,t,,,1001,40:22.2,,,f,1,f,
2796,2796,1,,Payasa Municipality,व्यास नगरपालिका,2045,5,,t,t,,,1001,40:29.8,,,f,1,f,
2798,2798,1,,Suklagandaki Municipality,सुक्लागण्डकी नगरपालिका,2045,5,,t,t,,,1001,40:39.3,,,f,1,f,
2816,2816,1,,Shisenga Rural Municipality,ऋषिङ गाउँपालीका,2045,4,,t,t,,,1001,40:55.9,,,f,1,f,
2823,2823,1,,Debaghat Rural Municipality,देबघाट गाउँपालीका,2045,4,,t,t,,,1001,41:03.6,,,f,1,f,
2825,2825,1,,Maygde Rural Municipality,म्याग्दे गाउँपालीका,2045,4,,t,t,,,1001,41:15.3,,,f,1,f,
3013,3013,1,,Lo Ghekar Damodarkunda Rural Municipality,लो-घेकर दामोदरकुण्ड गाउँपालिका,2048,4,,t,t,,,1001,42:22.4,,,f,1,f,
2986,2986,1,,Kaligandaki Rural Municipality,कालीगण्डकी गाउँपालिका,2050,4,,t,t,,,1001,46:25.6,,,f,1,f,
2994,2994,1,,fedikhola Rural Municipality,फेदीखोला गाउँपालिका,2050,4,,t,t,,,1001,46:32.8,,,f,1,f,
2416,2416,1,,Yashodhara Rural Municipality,यसोधरा गाउँपालिका,2056,4,,t,t,,,1001,55:40.4,,,f,1,f,
2419,2419,1,,Suddhodhan Rural Municipality,शुद्धोधन गाउँपालिका,2056,4,,t,t,,,1001,56:04.3,,,f,1,f,
2420,2420,1,,Bijayanagar Rural Municipality,विजयनगर गाँउपालिका,2056,4,,t,t,,,1001,56:28.8,,,f,1,f,
2455,2455,1,,Rampur Municipality,रामपुर नगरपालिका,2057,5,,t,t,,,1001,56:57.3,,,f,1,f,
2393,2393,1,,Balan Bihul Rural MUNICIPALITY,बलान विहुल गाउँपालिका,2022,4,,t,t,,,1001,07:32.7,,,f,1,f,
2002,2002,1,,Madesh Province,मधेश प्रदेश,,2,,t,t,,,1001,46:46.4,,,f,1,f,
2545,2545,1,,Musikot Municipality,मुसिकोट नगरपालिका,2066,5,,t,t,,,1001,22:43.9,,,f,1,f,
2480,2480,1,,Susta Ruralmunicipality,सुस्ता गाउँपालिका,2054,4,,t,t,,,1001,44:46.0,,,f,1,f,
2600,2600,1,,Kirtipur Municipality,कीर्तिपुर नगरपालिका,2042,5,,t,t,,,1001,28:04.4,,,f,1,f,
2333,2333,1,,Chiresanata Rural Municipaltiy,क्षिरेश्वरनाथ नगरपालीका,2024,5,,t,t,,,1001,42:57.0,,,f,1,f,
2368,2368,1,,Mithila Bihari  Municipality,मिथिला बिहारी नगरपालिका,2024,5,,t,t,,,1001,44:23.0,,,f,1,f,
3081,3300,1,,Shahidnagar Municipality,शहिदनगर नगरपालिका,2024,5,,t,t,1001,46:48.6,,,,,f,1,f,
3082,3301,1,,Aurahi Rural Municipality ,औरही गाउँपालिका,2024,4,,t,t,1001,47:33.9,,,,,f,1,f,
2659,2659,1,,Pansakanya Rural Municipality,पञ्चकन्या गाउँपालिका,2036,4,,t,t,,,1001,11:15.3,,,f,1,f,
3083,3302,1,,Dhanauji Rural Municipality ,धनौजी गाउँपालिका ,2024,4,,t,t,1001,48:11.3,,,,,f,1,f,
2722,2722,1,,Garuda Muncipality,गरूडा नगरपालीका,2027,4,,t,t,,,1001,51:36.7,,,f,1,f,
2742,2742,1,,Katahariya Muncipality,कटहरीया नगरपालिका,2027,5,,t,t,,,1001,53:41.1,,,f,1,f,
3084,5051,1,,Yamunamai Rural Municipality ,यमुनामाई गाउँपालिका,2027,4,,t,t,1001,57:25.7,,,,,f,1,f,
3085,3303,1,,Bisrampur Rural Municipality,विश्रामपुर गाउँपालिका,2028,4,,t,t,1001,59:56.7,,,,,f,1,f,
2914,2914,1,,Bahudramai  Muncipality,बहुदरमाई नगरपालिका,2029,5,,t,t,,,1001,00:51.3,,,f,1,f,
3080,3304,1,,thori Rural Municipality,ठोरी गाउँपालिका,2029,4,,t,t,1001,49:05.7,1001,03:10.4,,,f,1,f,
2001,2001,1,,Koshi Province,कोशी प्रदेश,,2,,t,t,,,1001,22:01.3,,,f,1,f,
2663,2663,1,,Myagang Rural Municipality,म्यागङ गाउँपालिका,2036,4,,t,t,,,1001,16:57.1,,,f,1,f,
2916,2916,1,,Kalikamai Rural Mumcipality,कालिकामाई गाउँपालीका,2029,4,,t,t,,,1001,11:43.3,,,f,1,f,
