id,code,client_id,name_en,name_np,is_transfer_acc,is_transactable,is_fund_acc,is_base_account,display_order,status,created_by,created_on,updated_by,updated_on,deleted_by,deleted_on,is_deleted,deleted_uq_code,display_code,display_name_np,display_name_en,parent_id,fiscal_year_id,is_budgetable,module_type,sub_module_id,income_spend_on_capital,income_spend_on_current,imported_from_acc_id,remarks,capital_current_type,capital_ratio,current_ratio,client_ward,is_sapati,acc_group_ids
1,10000,1,,राजस्व तथा अनुदान,t,f,f,f,0,t,,,,,,,f,1,,,,,,f,1,,0,0,,सञ्चित कोषमा जम्मा हुने गरी प्राप्त राजस्व तथा अनुदानको सबै रकम यसमा पर्दछ ।,,0,0,,,
2,11000,1,,कर,t,f,f,f,0,t,,,,,,,f,1,,,,1,,f,1,,0,0,,फर्म एवं व्यक्तीको आयमा लाग्ने कर यसमा पर्दछ। यसमा रकम जम्मा गर्न मिल्दैन ।,,0,0,,,
3,11300,1,,सम्पत्ति कर,t,f,f,f,0,t,,,,,,,f,1,,,,2,,f,1,,0,0,,सबै प्रकारको सम्पत्तिमा लाग्ने कर यसमा पर्दछ। यसमा रकम जम्मा गर्न मिल्दैन ।,,0,0,,,
4,11310,1,,अचल सम्पत्तिमा लाग्ने कर,t,f,f,f,0,t,,,,,,,f,1,,,,3,,f,1,,0,0,,यसमा सबै प्रकारको अचल सम्पत्तिमा लाग्ने कर पर्दछ। यसमा रकम जम्मा गर्न मिल्दैन ।,,0,0,,,
8,11314,1,,भुमिकर/मालपोत,f,f,f,f,0,t,,,,,,,f,1,,,,4,,f,1,,0,0,,भूमिको स्वामित्व वापत नियमित रुपमा तिर्नुपर्ने कर यसमा पर्दछ |,,0,0,,,
9,11320,1,,खुद सम्पत्तिमा लाग्ने चालु कर,t,f,f,f,0,t,,,,,,,f,1,,,,3,,f,1,,0,0,,यसमा सरकारी स्वामित्वका संरचनाहरु भाडमा लगाउँदा लिईने कर (शुल्क )समाबेश हुन्छ | यसमा रकम जम्मा गर्न मिल्दैन |,,0,0,,,
11,11322,1,,वहाल विटौरी कर,f,f,f,f,0,t,,,,,,,f,1,,,,9,,f,1,,0,0,,"स्थानीय तहको क्षेत्रभित्र घर, पसल, ग्यारेज, गोदाम, टहरा, सेड,(छप्पर) कारखाना, जग्गा वा पोखरीको बहालमा लगाउदा संकलन गरिने बहाल करको रकम, तथा, स्थानिय तहले निर्माण, रेखदेख वा संचालन गरेको हाट बजार, सार्वजनिक स्थल, एलानी जग्गा वा बाटोको छेउमा थाप्न दिएका अस्थायी पसलहरुबाट संकलन गरिने बहाल विरौटी कर रकम यसमा पर्दछ ।",,0,0,,,
12,11350,1,,वित्तीय र पूँजीगत कारोबारमा लाग्ने  कर,t,f,f,f,0,t,,,,,,,f,1,,,,3,,f,1,,0,0,,वित्तीय र पूँजीगत कारोबारमा लाग्ने कर यसमा पर्दछ ।  यसमा रकम जम्मा गर्न मिल्दैन ।,,0,0,,,
13,11351,1,,वित्तीय तथा पूँजीगत कारोवारमा लाग्ने  कर,f,f,f,f,0,t,,,,,,,f,1,,,,12,,f,1,,0,0,,वित्तीय र पूँजीगत कारोबारमा कानुन बमोजिम लाग्ने कर यसमा पर्दछ ।,,0,0,,,
14,11400,1,,वस्तु तथा सेवामा आधारित कर,t,f,f,f,0,t,,,,,,,f,1,,,,2,,f,1,,0,0,,"बस्तु तथा सेवाको उत्पादन, आयात, बिक्री, वितरण तथा हस्तान्तरण एवं अन्य कारोवारमा लाग्ने कर यसमा पर्दछ।यसमा रकम जम्मा गर्न मिल्दैन ।",,0,0,,,
15,11410,1,,मूल्य अभिवृद्धि कर (मू.अ.कर),t,f,f,f,0,t,,,,,,,f,1,,,,14,,f,1,,0,0,,मूल्य अभिवृद्धि कर यसमा पर्दछ। यसमा रकम जम्मा गर्न मिल्दैन ।,,0,0,,,
16,11411,1,,बाँडफाँड भर्इ प्राप्त हुने मूल्य अभिवृद्धि कर,f,f,f,f,0,t,,,,,,,f,1,,,,15,,f,1,,0,0,,राष्ट्रिय प्राकृतिक स्रोत तथा वितीय आयोगबाट बाँडफाँड भर्इ प्राप्त भएको मूल्य अभिबृद्धि करको रकम यसमा पर्दछ ।,,0,0,,,
17,11420,1,,अन्त:शुल्क,t,f,f,f,0,t,,,,,,,f,1,,,,14,,f,1,,0,0,,विभिन्न प्रकारका मालवस्तु उत्पादन गर्दा लाग्ने अन्त:शुल्क यसमा पर्दछ। यसमा रकम जम्मा गर्न मिल्दैन ।,,0,0,,,
18,11421,1,,बाँडफाँड भइ प्राप्त हुने अन्त शुल्क,f,f,f,f,0,t,,,,,,,f,1,,,,17,,f,1,,0,0,,"राष्ट्रिय प्राकृतिक स्रोत तथा आयोगबाट बाँडफाँड भइ प्राप्त भएको मूल्य,अभिवृद्धि करको रकम यसमा पर्दछ |",,0,0,,,
23,11450,1,,पुर्वाधार सेवाको उपयोग तथा सवारी साधनमा लाग्ने कर,t,f,f,f,0,t,,,,,,,f,1,,,,14,,f,1,,0,0,,सवारी साधनमा लाग्ने कर तथा तोकिएको मालसामान उपयोग तथा उपयोगको अनुमतिमा लाग्ने कर यसमा पर्दछ | यसमा रकम जम्मा गर्न मिल्दैन |,,0,0,,,
25,11452,1,,पुर्वाधार सेवाको उपयोगमा लाग्ने कर,f,f,f,f,0,t,,,,,,,f,1,,,,23,,f,1,,0,0,,लोकमार्ग तथा शहरी सडक एवम तोकिएको अन्य पूर्वाधार सेवाको उपयोग गरे वापत तोकिएबमोजिम लाग्ने कर यसमा पर्दछ |यसमा पूर्वाधार मर्मत तथा सम्भार प्रयोजनका लागि उठाइने शुल्क समेत समावेश गरिनेछ |,,0,0,,,
29,11473,1,,अन्य मनोरञ्जन कर,f,f,f,f,0,t,,,,,,,f,1,,,,26,,f,1,,0,0,,स्थानीय सरकारले लगाउने मनोरञ्जनसंग सम्वन्धित अन्य करहरु  यसमा पर्दछ |,,0,0,,,
30,11600,1,,अन्य कर,t,f,f,f,0,t,,,,,,,f,1,,,,2,,f,1,,0,0,,माथि उल्लिखित करका आधारहरु बाहेक अन्य आधारहरु अनुसार लगाईने कर राजस्व यसमा पर्दछ | यसमा रकम जम्मा गर्न मिल्दैन |,,0,0,,,
31,11610,1,,व्यवसायले भुक्तानी गर्ने,t,f,f,f,0,t,,,,,,,f,1,,,,30,,f,1,,0,0,,माथि उल्लिखित करका आधारहरु बाहेक अन्य  आधारहरु अनुसार व्यवसायहरुलाई लगाईने कर राजस्व यसमा पर्दछ | यसमा रकम जम्मा गर्न मिल्दैन |,,0,0,,,
32,11613,1,,व्यवसाय रजिष्ट्रेशन दस्तुर,f,f,f,f,0,t,,,,,,,f,1,,,,31,,f,1,,0,0,,कम्पनि तथा एजेन्सी रजिष्ट्रेशन बाहेक अन्य साना तथा मझौला व्यवसाय रजिष्ट्रेशन तथा त्यसको नवीकरण गरेवापतको दस्तुर रकम यसमा पर्दछ |,,0,0,,,
72,14120,1,,लाभांश,t,f,f,f,0,t,,,,,,,f,1,,,,65,,f,1,,0,0,,शेयर लगानीबाट प्राप्त लाभांश वापतको रकम यसमा पर्दछ |यसमा रकम जम्मा गर्न मिल्दैन |,,0,0,,,
34,11620,1,,व्यवसाय बाहेक अन्यले  भुक्तानी गर्ने,t,f,f,f,0,t,,,,,,,f,1,,,,30,,f,1,,0,0,,माथि उल्लिखित करका आधारहरु बाहेक अन्य  आधारहरुमा व्यवसाय बाहेक अन्यलाई लगाईने कर राजस्व यसमा पर्दछ | यसमा रकम जम्मा गर्न मिल्दैन |,,0,0,,,
74,14122,1,,ब्यापारिक निकायबाट प्राप्त लाभांश,f,f,f,f,0,t,,,,,,,f,1,,,,72,,f,1,,0,0,,ब्यापारिक प्रतिष्ठानबाट प्राप्त लाभांश रकम यसमा पर्दछ |,,0,0,,,
36,11630,1,,कृषि तथा पशुजन्य कारोवारमा लाग्ने कर,t,f,f,f,0,t,,,,,,,f,1,,,,30,,f,1,,0,0,,कृषि तथा पशुजन्य वस्तु कारोवारमा लाग्ने कर यसमा समावेश हुन्छ | यसमा रकम जम्मा गर्न मिल्दैन |,,0,0,,,
37,11631,1,,कृषि तथा पशुजन्य वस्तुको व्यवसायिक कारोवारमा लाग्ने कर,f,f,f,f,0,t,,,,,,,f,1,,,,36,,f,1,,0,0,,कृषि तथा पशुपंक्षीमा आधारित व्यवसायिक कारोवारको अनुमति तथा त्यस्तो व्यवसायिक कारोवारमा  लाग्ने कर यसमा पर्दछ,,0,0,,,
38,11632,1,,अखेटोपहारमा लाग्ने कर,f,f,f,f,0,t,,,,,,,f,1,,,,36,,f,1,,0,0,,कानुनले निषेध गरेका बाहेक मृत वा मारिएका जीव जन्तुको हाड सिँग प्याँख छाला आदिको कारोवारको लाग्ने कर यसमा पर्दछ |,,0,0,,,
39,11690,1,,अन्य कर,t,f,f,f,0,t,,,,,,,f,1,,,,30,,f,1,,0,0,,माथि उल्लेखित नभएका अन्य कर यसमा समाबेश गरिन्छ | यसमा रकम जम्मा गर्न मिल्दैन |,,0,0,,,
40,11691,1,,अन्य कर,f,f,f,f,0,t,,,,,,,f,1,,,,39,,f,1,,0,0,,माथि अरु शिर्षकमा नपरेका कारहरु यसमा समाबेश हुन्छन |,,0,0,,,
41,13000,1,,अनुदान,t,f,f,f,0,t,,,,,,,f,1,,,,1,,f,1,,0,0,,वैदेशिक सरकारबाट प्राप्त अनुदान यसमा पर्दछ | यसमा रकम जम्मा गर्न मिल्दैन |,,0,0,,,
42,13100,1,,द्धिपक्षीय वैदेशिक अनुदान,t,f,f,f,0,t,,,,,,,f,1,,,,41,,f,1,,0,0,,विदेश सरकारबाट प्राप्त दिपक्षीय अनुदान यसमा पर्दछ | यसमा रकम जम्मा गर्न मिल्दैन |,,0,0,,,
43,13110,1,,द्धिपक्षीय वैदेशिक चालु अनुदान,t,f,f,f,0,t,,,,,,,f,1,,,,42,,f,1,,0,0,,द्धिपक्षीय वैदेशिक चालु अनुदान यसमा पर्दछ | यसमा रकम जम्मा गर्न मिल्दैन |,,0,0,,,
44,13111,1,,द्धिपक्षीय वैदेशिक चालु अनुदान,f,f,f,f,0,t,,,,,,,f,1,,,,43,,f,1,,0,0,,विदेशी सरकारबाट प्रप्त चालु अनुदान यसमा पर्दछ,,0,0,,,
45,13120,1,,द्धिपक्षीय वैदेशिक पूँजीगत अनुदान,t,f,f,f,0,t,,,,,,,f,1,,,,42,,f,1,,0,0,,द्धिपक्षीय वैदेशिक पूँजीगत अनुदान यसमा पर्दछ |यसमा रकम जम्मा गर्न मिल्दैन |,,0,0,,,
46,13121,1,,द्धिपक्षीय वैदेशिक पूँजीगत अनुदान,f,f,f,f,0,t,,,,,,,f,1,,,,45,,f,1,,0,0,,विदेशी सरकारबाट प्रप्त पूँजीगत अनुदान यसमा पर्दछ |,,0,0,,,
47,13200,1,,वहुपक्षीय वैदेशिक  अनुदान,t,f,f,f,0,t,,,,,,,f,1,,,,41,,f,1,,0,0,,अन्तर्राष्ट्रिय संघ संस्थाहरुबाट प्राप्त  वहुपक्षीय अनुदान यसमा पर्दछ | यसमा रकम जम्मा गर्न मिल्दैन |,,0,0,,,
352,32130,1,,पेश्की तथा धरौटी,t,f,f,f,0,t,,,,,,,f,1,,,,347,,f,2,,0,0,,,,0,0,,,
48,13210,1,,वहुपक्षीय वैदेशिक  चालु अनुदान,t,f,f,f,0,t,,,,,,,f,1,,,,47,,f,1,,0,0,,अन्तर-सरकारी अन्तर्राष्ट्रिय संस्थाहरुबाट प्राप्त अनुदान यसमा पर्दछ | यसमा रकम जम्मा गर्न मिल्दैन |,,0,0,,,
51,13220,1,,वहुपक्षीय वैदेशिक पूँजीगत अनुदान,t,f,f,f,0,t,,,,,,,f,1,,,,47,,f,1,,0,0,,गैर-सरकारी अन्तर्राष्ट्रिय संस्थाहरुबाट प्राप्त अनुदान यसमा गरिनेछ |यसमा रकम जम्मा गर्न मिल्दैन |,,0,0,,,
54,13300,1,,अन्तरसरकारी वितिय हस्तान्तरण,t,f,f,f,0,t,,,,,,,f,1,,,,41,,f,1,,0,0,,विभिन्न तहका सरकारहरुबाट प्राप्त हुने अनुदान यसमा गरिनेछ |यसमा रकम जम्मा गर्न मिल्दैन |,,0,0,,,
55,13310,1,,अन्तरसरकारी अनुदान,t,f,f,f,0,t,,,,,,,f,1,,,,54,,f,1,,0,0,,सरकारका अन्य तहबाट आन्तरिक रुपमा प्राप्त हुने चालु अनुबग यसमा पर्दछन |यसमा रकम जम्मा गर्न मिल्दैन |,,0,0,,,
56,13311,1,,समानीकरण अनुदान,f,f,f,f,0,t,,,,,,,f,1,,,,55,,f,1,,0,0,,अन्य सरकारबाट प्राप्त गरिने समानीकरण चालु अनुदान यसमा पर्दछ |,,0,0,,,
64,14000,1,,अन्य राजस्व,t,f,f,f,0,t,,,,,,,f,1,,,,1,,f,1,,0,0,,माथि उल्लेख भए बाहेकका अन्य प्रकारका स्रोतबाट प्राप्त राजस्व यसमा पर्दछ | यसमा रकम जम्मा गर्न मिल्दैन |,,0,0,,,
65,14100,1,,सम्पत्तिबाट प्राप्त आय,t,f,f,f,0,t,,,,,,,f,1,,,,64,,f,1,,0,0,,सरकारी स्वामित्वमा रहेको सम्पतिबाट श्रृजित आय यसमा पर्दछ |,,0,0,,,
66,14110,1,,व्याज,t,f,f,f,0,t,,,,,,,f,1,,,,65,,f,1,,0,0,,ऋण लगानीको ब्याज वापतको आय यसमा पर्दछ | यसमा रकम जम्मा गर्न मिल्दैन |,,0,0,,,
67,14111,1,,वित्तिय निकायबाट प्राप्त ब्याज,f,f,f,f,0,t,,,,,,,f,1,,,,66,,f,1,,0,0,,बैंक तथा वितिय प्रतिष्ठानमा गरिएको ऋण लगानीबाट प्राप्त ब्याज रकम यसमा पर्दछ |,,0,0,,,
68,14112,1,,व्यापारिक निकायबाट प्राप्त ब्याज,f,f,f,f,0,t,,,,,,,f,1,,,,66,,f,1,,0,0,,व्यापारिक प्रतिष्ठानमा गरिएको ऋण लगानीबाट प्राप्त ब्याज रकम यसमा पर्दछ |,,0,0,,,
69,14113,1,,औद्योगिक निकायबाट प्राप्त ब्याज,f,f,f,f,0,t,,,,,,,f,1,,,,66,,f,1,,0,0,,औधोगिक प्रतिष्ठानमा गरिएको ऋण लगानीबाट प्राप्त ब्याज रकम यसमा पर्दछ |,,0,0,,,
70,14114,1,,सेवामुलक निकायबाट प्राप्त ब्याज,f,f,f,f,0,t,,,,,,,f,1,,,,66,,f,1,,0,0,,सेवामुलक प्रतिष्ठानमा गरिएको ऋण लगानीबाट प्राप्त ब्याज रकम यसमा पर्दछ |,,0,0,,,
71,14119,1,,अन्य  निकायबाट प्राप्त ब्याज,f,f,f,f,0,t,,,,,,,f,1,,,,66,,f,1,,0,0,,माथि नपरेका अन्य प्रतिष्ठानमा गरिएको ऋण लगानीबाट प्राप्त ब्याज रकम यसमा पर्दछ |,,0,0,,,
419,33322,1,,अग्रीम आयकर (प्रा.लि.-111२३),f,f,f,f,0,t,,,,,,,f,1,,,,417,,f,4,,0,0,,,,0,0,,,
73,14121,1,,वित्तिय निकायबाट प्राप्त लाभांश,f,f,f,f,0,t,,,,,,,f,1,,,,72,,f,1,,0,0,,बैंक तथा वित्तिय प्रतिष्ठानबाट प्राप्त लाभांश यसमा पर्दछ |,,0,0,,,
426,33511,1,,गत वर्षको बजेट खर्च हिसाव,f,f,f,f,0,t,,,,,,,f,1,,,,425,,f,4,,0,0,,,,0,0,,,
75,14123,1,,औद्योगिक निकायबाट प्राप्त लाभांश,f,f,f,f,0,t,,,,,,,f,1,,,,72,,f,1,,0,0,,औधोगिक प्रतिष्ठानबाट प्राप्त लाभांश रकम यसमा पर्दछ |,,0,0,,,
76,14124,1,,सेवामुलक निकायबाट प्राप्त लाभांश,f,f,f,f,0,t,,,,,,,f,1,,,,72,,f,1,,0,0,,सेवामुलक प्रतिष्ठानबाट प्राप्त लाभांश रकम यसमा पर्दछ |,,0,0,,,
77,14129,1,,अन्य निकायबाट प्राप्त लाभांश,f,f,f,f,0,t,,,,,,,f,1,,,,72,,f,1,,0,0,,माथि नपरेका अन्य प्रतिष्ठानबाट प्राप्त लाभांश रकम यसमा पर्दछ |,,0,0,,,
78,14150,1,,भाडा र रोयल्टी,t,f,f,f,0,t,,,,,,,f,1,,,,65,,f,1,,0,0,,सरकारी कार्यालयबाट संकलन गरेको भाडा र रोयल्टी वापतको रकम यसमा पर्दछ | यसमा रकम जम्मा गर्न मिल्दैन |,,0,0,,,
101,14220,1,,प्रशासनिक सेवा शुल्क,t,f,f,f,0,t,,,,,,,f,1,,,,92,,f,1,,0,0,,प्रशासनिक सेवा वापतको शुल्क यसमा पर्दछ । यसमा रकम जम्मा गर्न मिल्दैन ।,,0,0,,,
353,32131,1,,ठेकेदार/आपूर्तीकर्तालाई पेश्की,f,f,f,f,0,t,,,,,,,f,1,,,,352,,f,2,,0,0,,,,0,0,,,
79,14151,1,,सरकारी सम्पत्ति वहालबाट प्राप्त आय,f,f,f,f,0,t,,,,,,,f,1,,,,78,,f,1,,0,0,,"सरकरी सम्पत्ति बहालमा दिएवापत प्राप्त हुने आय यसमा पर्दछ | जस्तै : सरकारी जग्गा, भवन तथा अन्य सम्पति वहाल, कोठा तथा भोजनालय (रेष्टुरा) वहाल, मेच, त्रिपाल, हवाइजहाज, वग्गी, वैण्डवाजा, इन्जिन, रोयल, वुलडोजर, ट्याक्टर समेतका सरकारी सम्पत्ति प्रयोग गरे वापत प्राप्त हुने भाडा तथा सेवा शुल्क",,0,0,,,
80,14152,1,,क्यासिनोबाट प्राप्त रोयल्टी,f,f,f,f,0,t,,,,,,,f,1,,,,78,,f,1,,0,0,,क्यासिनोबाट प्राप्त रोयल्टी रकम यसमा पर्दछ |,,0,0,,,
81,14159,1,,अन्य स्रोतबाट  प्राप्त बाँडफाँड नहुने रोयल्टी,f,f,f,f,0,t,,,,,,,f,1,,,,78,,f,1,,0,0,,माथि उल्लेखित बाहेकका अन्य स्रोतबाट  प्राप्त बाँडफाँड नहुने रोयल्टी आय रकम यसमा पर्दछ |,,0,0,,,
92,14200,1,,वस्तु तथा सेवा विक्रीबाट प्राप्त रकम,t,f,f,f,0,t,,,,,,,f,1,,,,64,,f,1,,0,0,,वस्तु तथा सेवा विक्रीबाट प्राप्त रकम यसमा पर्दछ |यसमा रकम जम्मा गर्न मिल्दैन |,,0,0,,,
93,14210,1,,वस्तु तथा सेवा विक्रीबाट प्राप्त रकम,t,f,f,f,0,t,,,,,,,f,1,,,,92,,f,1,,0,0,,वस्तु तथा सेवाको विक्रीबाट प्राप्त रकम यसमा पर्दछ | यसमा रकम जम्मा गर्न मिल्दैन |,,0,0,,,
94,14211,1,,कृषि उत्पादनको विक्रिबाट प्राप्त रकम,f,f,f,f,0,t,,,,,,,f,1,,,,93,,f,1,,0,0,,"११६३१ र ११६३३ मा समावेश हुने बाहेक अन्य (आफैले उत्पादन गरेका माछा (भुरा तथा खाने )बिक्रि तथा लिलाम, पोखरी र खोलामा माछा मर्ने जाल हाल्ने दस्तुर खोला- पोखरीमा माछा मार्ने ठेक्का, घाँस बिक्रि खुकुराको फुल तथा चल्ला बिक्रि, सुँगुर तथा सुगुँरको वच्चा बिक्रि, दुध घ्यु तथा अन्य दुघ्द जन्य पदार्थको बिक्रि, फलफुल बिक्रि, एण्टीरेबिज भ्याक्सिन बिक्रि, टोकरी प्याकिड्डग दस्तुर, उन तथा हाडखुर बिक्रि फलफुल तथा फलफूलको वोट बिरुवा बिक्रि, बिउ बिजन तथा बेर्ना बिक्रि, तरकारी तथा सागपात बिक्रि, धान, मकै, गहुँ, तथा अन्य खाद्यान्न बिक्रि, जाम-जेली अचार, तितौरा जस्ता ) आफैले उत्पादन गरेका समान बिक्रि गरि प्राप्त हुने रकम यसमा पर्दछ |",,0,0,,,
95,14212,1,,सरकारी सम्पतिको बिक्रीबाट प्राप्त रकम,f,f,f,f,0,t,,,,,,,f,1,,,,93,,f,1,,0,0,,"टुटे फुटेका मेशिनरी समान बिक्रि, सवारी साधन लिलाम बिक्रि पुराना मालसामान बिक्रि तथा अन्य सरकारी सम्पतिको बिक्रीबाट प्राप्त रकम यसमा पर्दछ |",,0,0,,,
96,14213,1,,अन्य बिक्रीबाट प्राप्त रकम,f,f,f,f,0,t,,,,,,,f,1,,,,93,,f,1,,0,0,,"सरकारको छापाखानाको छपाई दस्तुर, नेपाल राजपत्र एवम सरकारद्वारा प्रकशित पुस्तक पुस्तिकाको बिक्रि तथा लिलामबाट प्राप्त रकम, अभिलेख (रेकर्ड) बिक्रीका साथै मुद्रा तथा नापतौलको समान : ढक, तराजु समेतको प्रमाणित दस्तुर, नबिकरण दस्तुर र नक्सारको अन्य आय, नक्सा प्रिन्ट बिक्रि दरखास्त फारम तथा पाठ्यक्रम बिक्रि, औषधी बिक्रि, तथा अन्य मालसामान बिक्रीबाट प्राप्त रकम समेत यसैमा पर्दछ |",,0,0,,,
97,14216,1,,निजी धारा वापतको शुल्क,f,f,f,f,0,t,,,,,,,f,1,,,,93,,f,1,,0,0,,"निजी धारा राख्ने वापत् लाग्ने शुल्क तथा महसुल , कालीगढ दस्तुर र सो सम्वन्धी दण्ड जरिवाना समेतको रकम यसमा पर्दछ ।",,0,0,,,
99,14218,1,,विद्युत सेवा शुल्क,f,f,f,f,0,t,,,,,,,f,1,,,,93,,f,1,,0,0,,"विधुत सेवा उपभोग बापत्को महसुल ,थप दस्तुर ,मिटर जाँच समेतको सेवा दस्तुर , कलेक्सन चार्ज , नामसारी एवं ठाउँसारी दस्तुर यसमा पर्दछ ।",,0,0,,,
100,14219,1,,अन्य सेवा शुल्क,f,f,f,f,0,t,,,,,,,f,1,,,,93,,f,1,,0,0,,"14211देखि 14218 सम्मका शीर्षकमा नपरेका सम्वन्धित सरकारले आफ्नो क्षेत्रभित्र उपलब्ध गराएको सरसफाइ तथा ढल निकासको सुविधा, पर्यटकीय क्षेत्र, र वनभोज स्थल, पार्क, भ्यूटावर जस्ता क्षेत्रको उपयोग तथा सो मा लाग्ने प्रवेशशुल्क जस्ता क्षेत्रमा लगाइने शुल्क तथा दस्तुरको रकम यसमा पर्दछ।",,0,0,,,
118,14400,1,,अनुदान बाहेकको हस्तान्तरण,t,f,f,f,0,t,,,,,,,f,1,,,,64,,f,1,,0,0,,सरकार तथा अन्तर्राष्ट्रय सँगठनहरु बाहेक अन्य श्रोतहरुबाट प्राप्त उपहार तथा स्वैच्छिक अनुदान (Donation) को रकम यसमा  पर्दछ । यसमा रकम जम्मा गर्न मिल्दैन।,,0,0,,,
102,14221,1,,न्यायिक दस्तुर,f,f,f,f,0,t,,,,,,,f,1,,,,101,,f,1,,0,0,,"कोर्ट फी ,बक्सौनी , दशौद ,विशौद नक्कल दस्तुर , समाव्हान एवं इतलायनामा दस्तुर, सुद, लिफा दस्तुर ,टिकट दस्तुर, पुनरावेदन एवं प्रतिउत्तर पत्र दस्तुर  वकालतसम्वन्धी इजाजतपत्र  दस्तुर र न्यायसम्वन्धी अन्य  राजस्व आम्दानी यसमा पर्दछ ।",,0,0,,,
103,14223,1,,शिक्षा क्षेत्रको आम्दानी,f,f,f,f,0,t,,,,,,,f,1,,,,101,,f,1,,0,0,,"11443 र 11444 ले समेटेका विषयहरु बाहेक शिक्षण शुल्क (ट्यूशन फी) , प्रवेश शुल्क, प्रवेशिका परीक्षा दस्तुर, लव्धाङ्क पत्र (मार्कसिट) तथा प्रमाणपत्र दस्तुर ,सँग्रहालय (म्यूजियम) प्रवेश दस्तुर, पाठ्यक्रम, पुस्तक, पत्रिका समेतको बिक्रीबाट प्राप्त रकम र शिक्षा क्षेत्रको अन्य आम्दानी यसमा पर्दछ ।",,0,0,,,
104,14224,1,,परीक्षा शुल्क,f,f,f,f,0,t,,,,,,,f,1,,,,101,,f,1,,0,0,,"लोक सेवा आयोग लगायत विभिन्न निकायले लिने परीक्षा दस्तुर, अन्तर्वार्ता दस्तुर,निवेदन तथा दरखास्त दस्तुर र पाठ्यक्रम बिक्रीबाट प्राप्त रकम यसमा पर्दछ ।",,0,0,,,
105,14225,1,,यातायात क्षेत्रको आम्दानी,f,f,f,f,0,t,,,,,,,f,1,,,,101,,f,1,,0,0,,"11621,11451 देखि 11454 सम्म परेका विषयहरु बाहेक हवाइजहाज अवतरण दस्तुर ,आश्रय दस्तुर ,कुनै सडक राजमार्गमा आवत जावतको लागि इजाजत दिए वापत् प्राप्त (रोड परमिट) रकम, जल तथा अन्य यातायातसँग सम्वन्धित आय र शुल्क यसमा पर्दछ ।",,0,0,,,
106,14229,1,,अन्य प्रशासनिक सेवा शुल्क,f,f,f,f,0,t,,,,,,,f,1,,,,101,,f,1,,0,0,,"विभिन्न मन्त्रालय ,विभाग  तथा  कार्यालयले लिने  टिकट वापत्को रकम ,बोलपत्र फाराम बिक्रीको रकम , निवेदन  दस्तुर ,नो अवजेक्शन सर्टिफिकेट दस्तुर, व्यवसायिक प्रमाण पत्र जारी  तथा नवीकरण  दस्तुर वापत् प्राप्त रकम यसमा पर्दछ ।",,0,0,,,
107,14240,1,,दस्तुर,t,f,f,f,0,t,,,,,,,f,1,,,,92,,f,1,,0,0,,यसमा विभिन्न सेवा प्रदान गरे वापत लिइने दस्तुर पर्दछ ।यसमा रकम जम्मा गर्न मिल्दैन ।,,0,0,,,
108,14241,1,,पार्किङ्ग शुल्क,f,f,f,f,0,t,,,,,,,f,1,,,,107,,f,1,,0,0,,स्थानीय तहद्धारा स्थानीय रुपमा  उठाइने पार्किङ्ग शुल्क यसमा पर्दछ ।,,0,0,,,
109,14242,1,,नक्सापास दस्तुर,f,f,f,f,0,t,,,,,,,f,1,,,,107,,f,1,,0,0,,स्थानीय तहद्धारा नक्सापास बापत उठाएको दस्तुर यसमा पर्दछ ।,,0,0,,,
110,14243,1,,सिफारिश दस्तुर,f,f,f,f,0,t,,,,,,,f,1,,,,107,,f,1,,0,0,,स्थानीय तहद्धारा सिफारिश गरे बापत उठाएको दस्तुर यसमा पर्दछ ।,,0,0,,,
111,14244,1,,व्यक्त्तिगत घटना दर्ता दस्तुर,f,f,f,f,0,t,,,,,,,f,1,,,,107,,f,1,,0,0,,स्थानीय तहद्धारा व्यक्त्तिगत घटना गरे बापत उठाएको दस्तुर यसमा पर्दछ ।,,0,0,,,
112,14245,1,,नाता प्रमाणित दस्तुर,f,f,f,f,0,t,,,,,,,f,1,,,,107,,f,1,,0,0,,स्थानीय तहद्धारा नाता प्रमाणित गरे बापत उठाएको दस्तुर यसमा पर्दछ ।,,0,0,,,
113,14249,1,,अन्य दस्तुर,f,f,f,f,0,t,,,,,,,f,1,,,,107,,f,1,,0,0,,स्थानीय तहले लिने माथि  उल्लेखित बाहेकका अन्य दस्तुर यसमा पर्दछ ।,,0,0,,,
114,14300,1,,दण्ड जरिवाना र जफत,t,f,f,f,0,t,,,,,,,f,1,,,,64,,f,1,,0,0,,विलम्ब दस्तुर र जरिवाना र जफत यसमा पर्दछ । यसमा  रकम जम्मा गर्न मिल्दैन।,,0,0,,,
115,14310,1,,दण्ड जरिवाना र जफत,t,f,f,f,0,t,,,,,,,f,1,,,,114,,f,1,,0,0,,विलम्ब दस्तुर र जरिवाना र जफत यसमा पर्दछ । यसमा  रकम जम्मा गर्न मिल्दैन।,,0,0,,,
349,32121,1,,गत बर्षको नगद मौज्दात,f,f,f,f,0,t,,,,,,,f,1,,,,348,,f,2,,0,0,,गत बर्षको नगत मौज्दात यस शिर्षकमा दाखिला गर्नु पर्दछ |,,0,0,,,
117,14312,1,,"प्रशासनिक दण्ड ,जरिवाना र जफत",f,f,f,f,0,t,,,,,,,f,1,,,,115,,f,1,,0,0,,"सबै प्रकारको ठेक्काको धरौटी (अर्नेष्ट मनी ) जफत ,निर्माण र अन्य कामको ठेक्का पट्टामा ठेकेदारहरुलाई गरिएको दण्ड जरिवाना , ठेकेदारहरुसँग बाँकी रहेको रकमको ब्याज र सम्वन्धित शीर्षकमा लेखिए बाहेक अन्य प्रशासिक दण्ड जरिवाना र जफतबाट प्राप्त रकम यसमा पर्दछ ।",,0,0,,,
119,14410,1,,चालु हस्तान्तरण,t,f,f,f,0,t,,,,,,,f,1,,,,118,,f,1,,0,0,,अनुदान बाहेक अन्य चालु हस्तान्तरण रकम यसमा पर्दछ । यसमा रकम जम्मा गर्न मिल्दैन ।,,0,0,,,
120,14411,1,,चालु हस्तान्तरण,f,f,f,f,0,t,,,,,,,f,1,,,,119,,f,1,,0,0,,"यसमा सरकारलाई राहत प्रयोजनाका लागि प्राप्त हुने खाद्यन्न ,लत्ता कपडा ,औषधि जस्ता चालु प्रकृतिका सहयोग  समावेश हुन्छन ।",,0,0,,,
121,14420,1,,पूँजीगत हस्तान्तरण,t,f,f,f,0,t,,,,,,,f,1,,,,118,,f,1,,0,0,,अनुदान बाहेक अन्य पूँजीगत हस्तान्तरण रकम यसमा पर्दछ । यसमा रकम जम्मा गर्न मिल्दैन ।,,0,0,,,
122,14421,1,,पूँजीगत हस्तान्तरण,f,f,f,f,0,t,,,,,,,f,1,,,,121,,f,1,,0,0,,"अस्पताल, विद्यालय, संग्रालय , नाचघर तथा सास्कृतिक केन्द्रहरु निमार्ण वा खरीदको लागि प्राप्त भएको हस्तान्तरणका साथै उपहार स्वरुप  प्राप्त घर वा जग्गा तथा अदृश्य सम्पतिहरु ,जस्तै: एकाधिकार पत्र वा प्रतिलिपी अधिकारको रकम यसमा पर्दछ । यदि कुनै हस्तान्तरण चालु वा पूँजीगत के हो भन्ने कुरा स्पष्ट नभएको त्यस्तो हस्तान्तरणलाई चालु प्रकृतिमा वर्गीकरण गर्नु पर्दछ ।",,0,0,,,
123,14500,1,,विविध राजस्व,t,f,f,f,0,t,,,,,,,f,1,,,,64,,f,1,,0,0,,विविध राजस्व यसमा पर्दछ । यसमा रकम जम्मा गर्न मिल्दैन ।,,0,0,,,
124,14510,1,,चालु दावी तथा अन्य शुल्कहरु,t,f,f,f,0,t,,,,,,,f,1,,,,123,,f,1,,0,0,,यसमा आकस्मिक रुपमा सरकारलाई प्राप्त हुने दाबीहरु तथा बीमाको प्रिमियम वापत प्राप्त हुने रकम तथा अन्य चालु दाबीहरु समावेश हुन्छ ।,,0,0,,,
125,14511,1,,बीमा दावी प्राप्ति,f,f,f,f,0,t,,,,,,,f,1,,,,124,,f,1,,0,0,,यसमा सरकारी कोषमा जम्मा हुने गरी विभिन्न प्रकारका बीमालेखको फिर्ता भुक्त्तानी तथा बीमा दाबीबाट प्राप्त हुने रकम समावेश गर्नुपर्दछ।,,0,0,,,
126,14520,1,,अन्य राजस्व,t,f,f,f,0,t,,,,,,,f,1,,,,123,,f,1,,0,0,,यसमा अन्य पूँजीगत  प्रकृतिका राजस्वहरु पर्दछन । यसमा रकम जम्मा गर्न मिल्दैन ।,,0,0,,,
127,14521,1,,प्रदुषण नियन्त्रण शुल्क,f,f,f,f,0,t,,,,,,,f,1,,,,126,,f,1,,0,0,,प्रदुषण नियन्त्रण प्रयोपनाका लागि संकलन गरिने शुल्क यसमा समावेश गरिनेछ ।,,0,0,,,
129,14529,1,,अन्य राजस्व,f,f,f,f,0,t,,,,,,,f,1,,,,126,,f,1,,0,0,,माथिका सम्पूर्ण शीर्षक तथा उपशीर्षकहरुमा नपरेका अन्य रकमहरु यसमा पर्दछ ।,,0,0,,,
130,14530,1,,पूँजीगत राजस्व,t,f,f,f,0,t,,,,,,,f,1,,,,123,,f,1,,0,0,,विभिन्न प्रयोजनामा गरिने राजस्व फिर्ता यसमा पर्दछ । यसमा रकम जम्मा गर्न मिल्दैन ।,,0,0,,,
131,14531,1,,"सरकारी घर, जग्गा, गुडवील बिक्रीबाट प्राप्त रकम",f,f,f,f,0,t,,,,,,,f,1,,,,130,,f,1,,0,0,,"सरकारी  घर जग्गा , गुडवील र सरकारी प्रतिष्ठान बिक्रीबाट प्राप्त आय यसमा पर्दछ ।",,0,0,,,
149,21133,1,,फिल्ड भत्ता,f,f,f,f,0,t,,,,,,,f,1,,,,146,,f,3,,0,0,,यसमा प्रचलित नियमानुसार कर्मचारीहरुलाई प्रदान गरिने फिल्ड भत्ताको  खर्च यसमा समावेश गरिन्छ ।,,0,0,,,
135,15111,1,,बेरुजु,f,f,f,f,0,t,,,,,,,f,1,,,,134,,f,1,,0,0,,राजस्व बाहेकको बेरुजु रकम यसमा दाखिला गर्नु पर्दछ । राजस्वसम्वन्धी बेरुजु सम्वन्धित राजस्व उपशीर्षकमा नै दाखिला गर्नु पर्दछ ।,,0,0,,,
136,20000,1,,खर्च,t,f,f,f,0,t,,,,,,,f,1,,,,,,f,3,,0,0,,यसमा सबै प्रकारका चालु खर्च र अन्तरसरकारी हस्तान्तरणको रकम समावेश हुन्छ,,0,0,,,
350,32122,1,,बैंक,f,f,f,f,0,t,,,,,,,f,1,,,,348,,f,2,,0,0,,,,0,0,,,
351,32123,1,,नगद,f,f,f,f,0,t,,,,,,,f,1,,,,348,,f,2,,0,0,,,,0,0,,,
137,21000,1,,पारिश्रमिक/ सुविधा,t,f,f,f,0,t,,,,,,,f,1,,,,136,,f,3,,0,0,,पदाधिकारी तथा कर्मचारीहरुलाई कुनै लेखा अवधिमा कार्य सम्पादन गरे वापत् प्रदान गरिने कुल पारिश्रमिकलाई यसमा राखिन्छ तर पुँजी निर्माणको सिलसिलामा गरेको कार्यको पारिश्रमिक भने यसमा समावेश नगरी सम्वन्धित खर्च शीर्षककै कार्यक्रममा समावेश गर्नुपर्दछ । यसमा खर्च लेख्न मिल्दैन।,,0,0,,,
138,21100,1,,पारिश्रमिक/ सुविधा,t,f,f,f,0,t,,,,,,,f,1,,,,137,,f,3,,0,0,,यसमा पदाधिकारी तथा कर्मचारीहरुलाई प्रदान गरिने सबै किसिममा पारिश्रमिकसम्वन्धी खर्चहरु पर्दछन ।यसमा नगद वा जिन्सी दुवै प्रकारका भुक्तानीहरु समावेश गरिन्छ ।यसमा खर्च लेख्न मिल्दैन।,,0,0,,,
139,21110,1,,नगदमा दिइने पारिश्रमिक र सुविधा,t,f,f,f,0,t,,,,,,,f,1,,,,138,,f,3,,0,0,,"यसमा पदाधिकारी तथा कर्मचारीहरुले सेवा प्रदान गरे वापत् प्राप्त गर्ने तलब, सञ्चयकोष आदि रकम समावेश गरिन्छ ।यसमा खर्च लेख्न मिल्दैन।",,0,0,,,
140,21111,1,,पारिश्रमिक कर्मचारी,f,f,f,f,0,t,,,,,,,f,1,,,,139,,f,3,,0,0,,"यसका (क) कर्मचारीहरुले पाउने तलव,कर्मचारी सञ्चय कोष,वार्षिक ग्रेड बृद्धि ,(ख) आयोजना  अवधिभरको लागि वा स्वीकृत अस्थायी पदमा नियुक्ति भई काम गरे वापतको ज्याला ,मेहनताना तथा अन्य पारिश्रमिक खर्च र (ग) बहालवाला कर्मचारीहरुको सञ्चित घर विदा ,विरामी विदा, सट्टा विदा र चाडपर्व खर्च वापतको रकम पर्दछ ।",,0,0,,,
141,21112,1,,पारिश्रमिक पदाधिकारी,f,f,f,f,0,t,,,,,,,f,1,,,,139,,f,3,,0,0,,यसमा सवैधानिक तथा अन्य सार्वजानिक निकायका पदाधिकारीहरुलाई प्रदान गरिने (सार्वजानिक पद धारणा गरे बापत कानुनद्धारा निर्धारण भएबमोजिमको) पारिश्रमिक वापतको रकम पर्दछ ।,,0,0,,,
142,21120,1,,जिन्सी वा जिन्सी वापत दिइने पारिश्रमिक सुविधा,t,f,f,f,0,t,,,,,,,f,1,,,,138,,f,3,,0,0,,यसमा कर्मचारीहरुले जिन्सीमा प्राप्त गर्ने वा जिन्सी मालसामान प्राप्त गर्नका लागि प्रयोजन खुलाई दिइने सुविधाको रकम समावेश गरिन्छ ।,,0,0,,,
143,21121,1,,पोशाक,f,f,f,f,0,t,,,,,,,f,1,,,,142,,f,3,,0,0,,"यसमा कर्मचारीहरुलाई प्रदान गरिने सबै किसिममा पोशाक (बुट,जुत्ता,टोपी आदि समेत) र सो को सिलाई खर्च तथा हिमाली क्षेत्रमा रहँदा नियमानुसार पाउने लुगा भत्ता आदि वापतको रकम समावेश  गरिन्छ ।",,0,0,,,
144,21122,1,,खाद्यन्न,f,f,f,f,0,t,,,,,,,f,1,,,,142,,f,3,,0,0,,"यसमा कर्मचारीहरुलाई नियमानुसार उपलब्ध गराइने खाद्य पदार्थ , रसद वा  सो वापत् दिइने  नगद रकम  समावेश गरिन्छ ।",,0,0,,,
145,21123,1,,औषधी उपचार खर्च,f,f,f,f,0,t,,,,,,,f,1,,,,142,,f,3,,0,0,,"यसमा कर्मचारीहरुलाई नियमानुसार उपलब्ध गराइने स्वास्थ्य बीमाको शुल्क,औषधि उपचार वापत् दिइने रकम तथा सोको लागि लाग्ने यातायात खर्च र कुरुवा खर्च  लगायतका रकम  समेत समावेश गरिन्छ ।",,0,0,,,
146,21130,1,,कर्मचारी भत्ता,t,f,f,f,0,t,,,,,,,f,1,,,,138,,f,3,,0,0,,यसमा कर्मचारीहरुका लागि नियमानुसार प्रदान गरिने पारिश्रमिक बाहेकका अन्य भत्ताहरु समावेश हुन्छन ।यसमा खर्च लेख्न मिल्दैन ।,,0,0,,,
147,21131,1,,स्थानीय भत्ता,f,f,f,f,0,t,,,,,,,f,1,,,,146,,f,3,,0,0,,यसमा प्रचलित नियमानुसार तोकिएको दुर्गम क्षेत्रमा  काम गरे वापत् पाउने स्थानीय भत्ताको रकम समावेश हुन्छ ।,,0,0,,,
148,21132,1,,महंगी भत्ता,f,f,f,f,0,t,,,,,,,f,1,,,,146,,f,3,,0,0,,यसमा प्रचलित नियमानुसार कर्मचारीहरुलाई प्रदान गरिने महंगी भत्ताको  खर्च यसमा समावेश गरिन्छ ।,,0,0,,,
150,21134,1,,बैठक भत्ता,f,f,f,f,0,t,,,,,,,f,1,,,,146,,f,3,,0,0,,यसमा कर्मचारीले सम्पादन गर्नुपर्ने काम सम्पादन  गर्न बैठक बसेकोमा नियमानुसार भत्ता पाउने भएमा त्यस्तो बैठक भत्ता समावेश गरिन्छ ।,,0,0,,,
224,23110,1,,स्थिर सम्पत्तिमा ह्रास कट्टी,t,f,f,f,0,t,,,,,,,f,1,,,,223,,f,3,,0,0,,स्थिर सम्पत्तिमा हुने ह्रास खर्च यसमा समाबेश गरिन्छ|यसमा खर्च लेख्न मिल्दैन |,,0,0,,,
151,21135,1,,कर्मचारी प्रोत्साहन तथा पुरस्कार,f,f,f,f,0,t,,,,,,,f,1,,,,146,,f,3,,0,0,,"यसमा प्रचलित एन ,नियम तथा निर्णय अनुसार कर्मचारीहरुलाई दिइने प्रोत्साहन भत्ता तथा पुरस्कारसम्वन्धी खर्च समावेश गरिन्छ ।",,0,0,,,
152,21139,1,,अन्य भत्ता,f,f,f,f,0,t,,,,,,,f,1,,,,146,,f,3,,0,0,,"यसमा माथि उल्लेखित बाहेकका अन्य (शिशु स्याहार भत्ता, अतिरिक्त समय भत्ता , दशैं तिहार जस्ता पर्वहरुमा खटाइएका कार्यालय सहयोगीलाई दिइने भत्ता आदि) प्रयोजनमा दिइने भत्ता वापतको रकम समावेश गरिन्छ ।",,0,0,,,
153,21140,1,,पदाधिकारी भत्ता तथा अन्य सुविधा,t,f,f,f,0,t,,,,,,,f,1,,,,138,,f,3,,0,0,,यसमा कर्मचारी बाहेकका पदाधिकारीको लागि भुक्तानी गर्नुपर्ने भत्ता तथा अन्य सुविधाको रकम पर्दछ ।यसमा खर्च लेख्न मिल्दैन ।,,0,0,,,
154,21141,1,,पदाधिकारी बैठक भत्ता,f,f,f,f,0,t,,,,,,,f,1,,,,153,,f,3,,0,0,,यसमा पदाधिकारीहरुको बैठक भत्ता यसमा पर्दछ ।,,0,0,,,
155,21142,1,,पदाधिकारी अन्य सुविधा,f,f,f,f,0,t,,,,,,,f,1,,,,153,,f,3,,0,0,,"यसमा पदाधिकारीहरुलाई प्रचलित नियमको अधिनमा रही प्रदान गरिने अन्य सुविधा (सञ्चार पोशाक,औषधी उपचार आदि) को रकम समावेश गरिन्छ ।",,0,0,,,
156,21149,1,,पदाधिकारी अन्य भत्ता,f,f,f,f,0,t,,,,,,,f,1,,,,153,,f,3,,0,0,,यसमा पदाधिकारीलाई प्रचलित प्रदान गरिने बैठक भत्ता बाहेकका अन्य भत्ता वापतको रकम समावेश गरिन्छ ।,,0,0,,,
157,21200,1,,कर्मचारीको सामाजिक सुरक्षा खर्च,t,f,f,f,0,t,,,,,,,f,1,,,,137,,f,3,,0,0,,यसमा कर्मचारीको सामाजिक सुरक्षाका लागि गरिने खर्च सम्वन्धी रकमहरु समावेश गरिन्छ। यसमा खर्च लेख्न मिल्दैन ।,,0,0,,,
158,21210,1,,कर्मचारीको सामाजिक सुरक्षा खर्च,t,f,f,f,0,t,,,,,,,f,1,,,,157,,f,3,,0,0,,यसमा कर्मचारीको सामाजिक सुरक्षाका लागि गरिने खर्च सम्वन्धी रकमहरु समावेश गरिन्छ। यसमा खर्च लेख्न मिल्दैन ।,,0,0,,,
159,21211,1,,सामाजिक सुरक्षा कोष खर्च,f,f,f,f,0,t,,,,,,,f,1,,,,158,,f,3,,0,0,,यसमा कर्मचारीको सामाजिक सुरक्षाको लागि प्रचलित नियमानुसार गरिने खर्च तथा सामाजिक सुरक्षा कोषमा सरकारले जम्मा गर्नुपर्ने प्रकारका रकमहरु समावेश गरिन्छ ।,,0,0,,,
160,21212,1,,योगदानमा आधारीत निवृतभरण तथा उपदान कोष खर्च,f,f,f,f,0,t,,,,,,,f,1,,,,158,,f,3,,0,0,,यसमा योगदानमा आधारीत निवृत्तभरण तथा उपदान कोष वापत सरकारले व्यहोर्नु पर्ने खर्च समावेश गरिन्छ ।,,0,0,,,
161,21213,1,,योगदानमा आधारीत बीमा कोष खर्च,f,f,f,f,0,t,,,,,,,f,1,,,,158,,f,3,,0,0,,यसमा योगदानमा आधारीत बीमा कोष वापत सरकारले व्यहोर्नु पर्ने खर्च समावेश गरिन्छ ।,,0,0,,,
162,21214,1,,कर्मचारी कल्याण कोष,f,f,f,f,0,t,,,,,,,f,1,,,,158,,f,3,,0,0,,यसमा प्रचलित नियमानुसार कर्मचारी कल्याण कोषमा समावेश गर्न पर्ने खर्च समावेश गरिन्छ ।,,0,0,,,
163,21219,1,,अन्य सामाजिक सुरक्षा खर्च,f,f,f,f,0,t,,,,,,,f,1,,,,158,,f,3,,0,0,,यसमा माथि उल्लेखित बाहेकका  कर्मचारीसँग सम्वन्धीत अन्य सामाजिक सुरक्षा सम्वन्धी खर्च समावेश गरिन्छ ।,,0,0,,,
164,21220,1,,पदाधिकारी सामाजिक सुरक्षा खर्च,t,f,f,f,0,t,,,,,,,f,1,,,,157,,f,3,,0,0,,यसमा कर्मचारी बाहेकका पदाधिकारीको लागि प्रचलित कानुन अनुसार भुक्तानी गर्नुपर्ने सामाजिक सुरक्षा वापतको रकम समावेश गरिन्छ। यसमा खर्च लेख्न मिल्दैन।,,0,0,,,
165,21221,1,,पदाधिकारी सामाजिक सुरक्षा कोष खर्च,f,f,f,f,0,t,,,,,,,f,1,,,,164,,f,3,,0,0,,यसमा पदाधिकारीको सामाजिक सुरक्षाका लागि प्रचलित कानुन अनुसार स्थापीत कोषमा सरकारले गर्नुपर्ने कोष खर्च समावेश गरिन्छ ।,,0,0,,,
420,33323,1,,अग्रीम आयकर (अन्य निकाय-111२४),f,f,f,f,0,t,,,,,,,f,1,,,,417,,f,4,,0,0,,,,0,0,,,
223,23100,1,,स्थिर सम्पत्ति उपभोग खर्च,t,f,f,f,0,t,,,,,,,f,1,,,,222,,f,3,,0,0,,स्थिर सम्पतिको उपभोग गर्न व्यहोर्नु पर्ने जगेडा सम्वन्धी खर्च यसमा समाबेश गरिन्छ| यसमा खर्च लेख्न  मिल्दैन |,,0,0,,,
166,21222,1,,पदाधिकारीको योगदानमा आधारीत निवृत्तभरण तथा उपदान कोष खर्च,f,f,f,f,0,t,,,,,,,f,1,,,,164,,f,3,,0,0,,यसमा प्रचलीत कानुन अनुसार पदाधिकारीहरुलाई योगदानमा आधारीत निवृत्तभरण तथा उपदान भुक्तानी गर्नुपर्ने भएमा त्यस्तो रकम समावेश गरिन्छ ।,,0,0,,,
167,21223,1,,पदाधिकारीको योगदानमा आधारीत बीमा कोष खर्च,f,f,f,f,0,t,,,,,,,f,1,,,,164,,f,3,,0,0,,यसमा प्रचलीत कानुन अनुसार पदाधिकारीहरुलाई योगदानमा आधारीत बीमा कोष खर्च भुक्तानी गर्नुपर्ने भएमा त्यस्तो रकम समावेश गरिन्छ ।,,0,0,,,
168,21224,1,,पदाधिकारी कल्याण कोष खर्च,f,f,f,f,0,t,,,,,,,f,1,,,,164,,f,3,,0,0,,यसमा प्रचलीत कानुन अनुसार पदाधिकारीहरुको लागि खडा गरिएको कल्याण कोषमा रकम भुक्तानी गर्नुपर्ने भएमा त्यस्तो रकम समावेश गरिन्छ ।,,0,0,,,
169,21229,1,,पदाधिकारीको अन्य सामाजिक सुरक्षा खर्च,f,f,f,f,0,t,,,,,,,f,1,,,,164,,f,3,,0,0,,यसमा प्रचलीत कानुनको अधीनमा रही पदाधिकारीहरुको लागि माथि उल्लेख भए बाहेकका अन्य प्रकारका सामाजिक सुरक्षा सम्वन्धी रकम भुक्तानी गर्नुपर्ने भएमा त्यस्तो रकम समावेश गरिन्छ ।,,0,0,,,
170,22000,1,,मालसामान तथा सेवा उपयोग,t,f,f,f,0,t,,,,,,,f,1,,,,136,,f,3,,0,0,,यसमा सरकारी कार्यालयहरुलाई आवश्यक पर्ने सेवा र मालसामान उपयोग गर्दा लाग्ने खर्च समावेश गरिन्छ । यसमा खर्च लेख्न मिल्दैन ।,,0,0,,,
171,22100,1,,सेवा महसुल,t,f,f,f,0,t,,,,,,,f,1,,,,170,,f,3,,0,0,,यसमा सरकारी कार्यालयहरुलाई आवश्यक पर्ने सेवा लिदाको खर्च पर्दछ। यसमा खर्च लेख्न मिल्दैन ।,,0,0,,,
172,22110,1,,सेवा महसुल,t,f,f,f,0,t,,,,,,,f,1,,,,171,,f,3,,0,0,,"यस कार्यालयमा उपयोग हुने पानी ,धारा , बिजुली र सञ्चार सेवाको महसुल तथा त्यस सम्वन्धी सुविधाको खर्च समावेश गरिन्छ ।यसमा खर्च लेख्न मिल्दैन ।",,0,0,,,
173,22111,1,,पानी तथा बिजुली,f,f,f,f,0,t,,,,,,,f,1,,,,172,,f,3,,0,0,,"यस कार्यालयमा उपयोग हुने धारा तथा ढलको महसुल ,विद्युत महसुल र तत्सम्वन्धी जडान खर्च तथा कार्यलयमा उपयोग गरिने खानेपानीको रकम समेत समावेश गरिन्छ ।",,0,0,,,
174,22112,1,,सञ्चार महसुल,f,f,f,f,0,t,,,,,,,f,1,,,,172,,f,3,,0,0,,"यसमा सञ्चार सम्वन्धी यन्त्र उपकरण बाहेक टेलिफोन ,इन्टरनेट , वेभसाइट होस्टिङ्ग महसुल र यस्तै अन्य सञ्चार सम्वन्धी खर्चहरु पर्दछन ।साथै यसमा चिठ्ठी,पार्सल टिकट खर्च, रजिष्ट्री,फिर्ती रसिदको खर्च , कुरियर खर्च समेत समावेश गरिन्छ।",,0,0,,,
175,22113,1,,सार्वजानिक उपयोगिताको सेवा खर्च,f,f,f,f,0,t,,,,,,,f,1,,,,172,,f,3,,0,0,,"सार्वजानिक रुपमा सर्वसाधारणद्धारा प्रयोग गरिने सार्वजानिक उपयोगिताका सेवाहरु जस्तै खानपानी ,बत्ती,टेलिभिजन आदि सम्वन्धी खर्च यसमा पर्दछ ।",,0,0,,,
176,22200,1,,पुँजिगत सम्पत्तिको सञ्चालन र सम्भार खर्च,t,f,f,f,0,t,,,,,,,f,1,,,,170,,f,3,,0,0,,"यसमा सरकारी पुँजिगत सम्पत्तिहरु जस्तै :सरकारी कामको शिलशिलामा प्रयोग हुने सवारी साधान ,मेशिनरी औजारको लागि आवश्यक पर्ने चालु खर्चहरु समावेश गरिन्छ ।यसमा खर्च लेख्न मिल्दैन ।",,0,0,,,
177,22210,1,,सवारी साधनको सञ्चालन तथा सम्भार खर्च,t,f,f,f,0,t,,,,,,,f,1,,,,176,,f,3,,0,0,,"यस अन्तर्गत सरकारी कामको सिलसिलामा प्रयोग गरिने सवारी साधनको लागि आवश्यक इन्धन,लुब्रिकेन्टस् ,आदि तथा त्यस्ता सवारी साधनको नियमित रुपमा मर्मत सम्भार गर्दा लाग्ने खर्च समावेश गरिन्छ ।",,0,0,,,
178,22211,1,,इन्धन(पदाधिकारी),f,f,f,f,0,t,,,,,,,f,1,,,,177,,f,3,,0,0,,"यसमा पदाधिकारीका लागि प्रयोग हुने सवारी साधनको निमित्त चाहिने इन्धन,लुब्रिकेन्टस् आदिको  खर्च समावेश गरिन्छ ।",,0,0,,,
210,22529,1,,विविध कार्यक्रम खर्च,f,f,f,f,0,t,,,,,,,f,1,,,,207,,f,3,,0,0,,"यसमा धार्मिक सांस्कृतिक संस्थाहरुको पुजा पाठ,यज्ञ,जप लगायतका कार्यक्रम र अन्य कुनै खर्च शिर्षकहरुमा नपरेका कार्यक्रम खर्च समावेश गरिन्छ ।",,0,0,,,
179,22212,1,,इन्धन (कार्यालय प्रयोजन),f,f,f,f,0,t,,,,,,,f,1,,,,177,,f,3,,0,0,,यसमा कार्यालय प्रयोजनका लागि प्रयोग हुने सवारी साधानको निमित्त चाहिने लुब्रिकेन्टस् आदिको  खर्च समावेश गरिन्छ ।तर लगत इस्टिमेटमा परेको निर्माण सामाग्री ‌ओसार्ने सवारी साधानमा प्रयोग भएको इन्धन खर्च सम्वन्धीत बजेट रकममा नै समावेश गर्नु पर्दछ ।,,0,0,,,
180,22213,1,,सवारी साधन मर्मत  खर्च,f,f,f,f,0,t,,,,,,,f,1,,,,177,,f,3,,0,0,,यसमा नियमित रुपमा कार्यालय प्रयोगमा रहेका सवारी साधान मर्मत सम्भार गर्न चाहिने सामान र ज्याला खर्चहरु समावेश गरिन्छ । सवारी साधनको लागि चाहिने ब्याट्री लगायतका सामानहरु र ज्याला खर्चहरु समेत यसमा समावेश गर्नुपर्दछ। तर सवारी साधानको आयु वृद्धि हुने गरी फेरिएको पार्टपूर्जाको खर्च पुँजिगत खर्चको सम्वन्धित बजेट खर्च शिर्षकमा समावेश गर्नुपर्दछ ।,,0,0,,,
181,22214,1,,बीमा तथा नवीकरण खर्च,f,f,f,f,0,t,,,,,,,f,1,,,,177,,f,3,,0,0,,"यसमा निर्माण भइसकेका सार्वजानिक सम्पत्ति,जस्तै:सडक,पुल,नहर,विद्युत गृह, भवन तथा मेशीनरी उपकरण आदिको बीमा खर्च, सवारी साधनको बीमा तथा तेश्रो पक्षको दायित्व बीमा गर्दा लागेको बीमा शुल्कसम्वन्धी खर्च र सवारी साधन नवीकरण शुल्क समावेश गरिन्छ ।तर निर्माण अवधिको बीमा खर्च भने पुँजिगत खर्चको सम्वन्धीत बजेट खर्च शीर्षकमा समावेश गर्नु पर्दछ।",,0,0,,,
182,22220,1,,मेशीनरी तथा औजार सन्चालन तथा सम्भार खर्च,t,f,f,f,0,t,,,,,,,f,1,,,,176,,f,3,,0,0,,यस कार्यलयहरुमा रहेका मेशीनरी औजारको सन्चालनका लागि लाग्ने नियमित खर्च तथा मर्मत सम्भारको खर्च यसमा समावेश गरिन्छ। यसमा खर्च लेख्न मिल्दैन।,,0,0,,,
183,22221,1,,मेशीनरी तथा औजार मर्मत तथा सम्भार तथा सन्चालन खर्च,f,f,f,f,0,t,,,,,,,f,1,,,,182,,f,3,,0,0,,यस कार्यलयहरुमा रहेका मेशीनरी औजारको सन्चालनका लागि लाग्ने नियमित तथा मर्मत खर्च यसमा समावेश गरिन्छ।,,0,0,,,
184,22230,1,,निमित्त सार्वजानिक सम्पत्तिको सम्भार खर्च,t,f,f,f,0,t,,,,,,,f,1,,,,176,,f,3,,0,0,,यसमा निर्माण भइसकेका सार्वजानिक सम्पत्तिहरुको चालु प्रकृतिमा नियमित मर्मत सम्भार खर्च समावेश गरिन्छ।यसमा खर्च लेख्न मिल्दैन।,,0,0,,,
185,22231,1,,निर्मित सार्वजनिक सम्पतिको मर्मत सम्भार खर्च,f,f,f,f,0,t,,,,,,,f,1,,,,184,,f,3,,0,0,,"यसमा निर्माण भइसकेका स्थिर सार्वजनिक सम्पति जस्तै सडक ,पुल, नहर ,विधुत गृह, भवन आदीको नियमित मर्मत सम्भार तथा रंगरोगन सम्वन्धी चालु प्रकृतिका खर्च  समावेश गरिन्छ ।",,0,0,,,
186,22290,1,,अन्य सम्पतिहरुको संचालन तथा सम्भार खर्च,t,f,f,f,0,t,,,,,,,f,1,,,,184,,f,3,,0,0,,यसमा स्थिर सम्पति बाहेकका अन्य सम्पतिहरुको संचालन तथा सम्भार खर्च पर्दछन् । यसमा खर्च  लेखन् मिल्दैन ।,,0,0,,,
187,22291,1,,अन्य सम्पतिहरुको संचालन तथा सम्भार खर्च,f,f,f,f,0,t,,,,,,,f,1,,,,184,,f,3,,0,0,,यसमा स्थिर सम्पति बाहेकका अन्य सम्पतिहरुको संचालन तथा सम्भार सम्वन्धी चालु प्रकृतिका खर्च समावेश गरिन्छ ।,,0,0,,,
188,22300,1,,कार्यालय सामान तथा सेवाहरु,t,f,f,f,0,t,,,,,,,f,1,,,,170,,f,3,,0,0,,यसमा कार्यालय सामान तथा सेवाहरुको खरिद सम्वन्धी खर्च समावेश गरिन्छ । यसमा खर्च लेखन् मिल्दैन ।,,0,0,,,
189,22310,1,,कार्यालय सामान तथा सेवाहरु,t,f,f,f,0,t,,,,,,,f,1,,,,188,,f,3,,0,0,,"यसमा कार्यालय प्रयोजनका लागी आश्यक पर्ने सामानहरुको मुल्य, सेवासम्वन्धी खर्च तथा पुस्तक एवं सामग्रीहरुको खरिद खर्च समावेश गरिन्छ । यसमा खर्च लेखन् मिल्दैन ।",,0,0,,,
222,23000,1,,स्थिर सम्पतिको उपभोग खर्च,t,f,f,f,0,t,,,,,,,f,1,,,,136,,f,3,,0,0,,स्थिर सम्पतिको उपभोग गर्न व्यहोर्न पर्ने जगेडा सम्वन्धि खर्च यसमा समावेश गरिन्छ | यसमा खर्च लेख्न मिल्दैन |,,0,0,,,
421,33324,1,,अग्रीम आयकर (बहाल कर-१११३१),f,f,f,f,0,t,,,,,,,f,1,,,,417,,f,4,,0,0,,,,0,0,,,
190,22311,1,,मसलन्द तथा कार्यालय सामाग्री,f,f,f,f,0,t,,,,,,,f,1,,,,189,,f,3,,0,0,,"यसमा (क) बैंक दस्तुर, क्षतिपुती र अन्य यस्तै सेवा खर्च, (क) कार्यालयको दैनिक प्रयोगमा ल्याउने कागज,  खाम, फाराम, रेकर्ड फाइल, स्टेपलर,पन्चिङ्ग मेशिन जस्ता मेशीन र यिनका लागी चाहिने आवश्यक अन्य सामानहरु एवं कलम,मसी, टोनर, शिशाकलम आदी जस्ता कार्यालयसम्वन्धी मसलन्द सामानहरुको मुल्य, (ग)  एक बर्ष भन्दा कम टिकाउ हुने अरु कार्यालय सामानहरु (घ) सुरक्षाका मेशीनरीओजारका लागी आवश्यक ससाना सहयोगी समाग्री आदी (ड)  एक बर्ष भन्दा बढी टिकाउ हुने सामान जस्तै पर्दा , पेनड्राइभ जस्ता बस्तुहरु तर प्रति इकाइ रु पाँच हजार भन्दा कम मुल्यका अरु कार्यालय मालसामानहरुको खर्च र (च) सरकारी प्रयोगका सामानहरु ढुवानी खर्च रकमहरु समावेश हुन्छन् ।",,0,0,,,
191,22312,1,,पशुपंक्षीहरुको आहार,f,f,f,f,0,t,,,,,,,f,1,,,,189,,f,3,,0,0,,यसमा सार्वजनिक पशुपंक्षीहरुको आहारा व्यवस्थापनका लागी गर्नुपर्ने खर्च रकम समावेश गरिन्छ।,,0,0,,,
192,22313,1,,पुस्तक तथा सामाग्री खर्च,f,f,f,f,0,t,,,,,,,f,1,,,,189,,f,3,,0,0,,यसमा सार्वजनिक बिधालयले नि:शुल्क रुपमा विधार्थीहरुलार्इ वितरण गर्ने पुस्तक खेलकुद एबं शैक्षिक सामाग्री तथा सार्वजनिक पुस्तकालय प्रयोजनको लागी खरिद गरीएका पुस्तकको खर्च समावेश गरिन्छ।,,0,0,,,
193,22314,1,,इन्धन -अन्य प्रयोजन,f,f,f,f,0,t,,,,,,,f,1,,,,189,,f,3,,0,0,,"सरकारी काममा प्रयोग हुने मटितेल, ग्यास,कोइला,दाउरा,सवारी साधन बाहेकका मेसिनरी ‌ओजारमा प्रयोग हुने इन्धन खर्च र सबै प्रकारका व्याटीहरुसम्वन्धी खर्च समावेश गरिन्छ । तर सवारी साधनको लागी आवश्यक पर्ने व्याटीसम्वन्धी खर्च भने खर्च संकेत न.२२२१३ मा समावेश गरिन्छ।",,0,0,,,
194,22315,1,,"पत्रपत्रिका,छपार्इ तथा सुचना प्रकाशन खर्च",f,f,f,f,0,t,,,,,,,f,1,,,,189,,f,3,,0,0,,"यसमा (क) कार्यालयका लागी आवश्यक छपार्इको खर्च (ख) पत्रपत्रिका तथा कार्यालयको दैनिक कार्य सञ्चालन आवश्यक पर्ने पुस्तकसम्वन्धी खर्च। (ग) सरकारी सुचना,लिलाम, ठेक्का पटा, घटाघट, बढाबढ सम्वन्धी सुचना प्रकाशनको खर्च आदी छपार्इ तथा सुचना सुचना प्रकाशन सम्वन्धी खर्च समावेश गरीन्छ ।",,0,0,,,
195,22319,1,,अन्य कार्यालय संचालन खर्च,f,f,f,f,0,t,,,,,,,f,1,,,,189,,f,3,,0,0,,माथी उल्लेखित बाहेकका कार्यालय संचालन सम्वन्धी अन्य खर्च यसमा पर्दछ ।,,0,0,,,
196,22400,1,,सेवा तथा परामर्श खर्च,t,f,f,f,0,t,,,,,,,f,1,,,,170,,f,3,,0,0,,यसमा सेवा तथा परामर्श प्राप्त गर्नका लागी भुक्तानी गरीने शुल्क वा सेवा शुल्कसम्वन्धी खर्चहरु समावेश गरिन्छ। यसमा खर्च लेखन् मिल्दैन।,,0,0,,,
197,22410,1,,परामर्श तथा अन्य सेवा शुल्क,t,f,f,f,0,t,,,,,,,f,1,,,,196,,f,3,,0,0,,यसमा सरकारी कामको सिलसिलामा आवश्यक पर्ने परामर्श तथा अन्य सेवाहरु प्राप्त वा खरिद गर्नका लागी भुक्तानी गरिने शुल्क तथा सेवा शुल्कसम्वन्धी खर्चहरु समावेश गरिन्छ। यसमा खर्च लेख्न मिल्दैन ।,,0,0,,,
198,22411,1,,सेवा र परामर्श खर्च,f,f,f,f,0,t,,,,,,,f,1,,,,197,,f,3,,0,0,,"यसमा (क) पूँजीगत निमार्ण अन्तर्गत नपरेका वा त्यस्तो निमार्ण संग सम्वन्धित नभएका अध्ययन,अनुसन्धान,आदीको पारिश्रमिक र (ख) छानविन,जाँचवुझ गराए वापतको खर्च,विशेषज्ञबाट लिइने परामर्श सेवा तथा विज्ञ र सल्लाकार सेवा आदीको पारिश्रमिक सम्वन्धी खर्चहरु समावेश गरिन्छ ।",,0,0,,,
199,22412,1,,सुचना प्रणाली तथा सफ्टवेयर संचालन खर्च,f,f,f,f,0,t,,,,,,,f,1,,,,197,,f,3,,0,0,,यसमा सुचना प्रणाली तथा सफ्टवेयर संचालनका लागी गरिने नविकरण खर्च परामर्श सेवाको खर्च तथा नियमित सुधार खर्च यसमा समावेश गरिन्छ ।,,0,0,,,
295,28100,1,,सम्पति सम्वन्धी खर्च,t,f,f,f,0,t,,,,,,,f,1,,,,294,,f,3,,0,0,,यस अन्तर्गत ब्याज बाहेकको सम्पत्तिसम्वन्धी खर्चहरु समावेश गरिन्छ । यसमा खर्च लेख्न मिल्दैन ।,,0,0,,,
200,22413,1,,करार सेवा शुल्क,f,f,f,f,0,t,,,,,,,f,1,,,,197,,f,3,,0,0,,"यसमा कार्यालय सुरक्षा गर्ने,सरसफाइ गर्ने, बगैचा सम्भार गर्ने, कार्यालयको चिठी ओसारपसार गर्ने,कृषि  प्रसार,प्राथमिक स्वास्थ्य सेवाको सुविधा,सवारी चलाउने,टेलिफोन,फ्याक्स,कम्प्युटर,फोटेकपी मेशिनरी जस्ता सामानहरुको सञ्चालन र सम्भार आदी कार्यको लागी आवधिक वा पटके रुपमा करार सम्झैता सेवा लिए वापत दिइने सेवा शुल्क समावेश गरिन्छ ।",,0,0,,,
201,22414,1,,सरसफार्इ सेवा शुल्क,f,f,f,f,0,t,,,,,,,f,1,,,,197,,f,3,,0,0,,"सार्वजनिक क्षेत्र (सडक,बजार क्षेत्र,धामिकस्थल,पार्क आदी) पुर्वाधारहरुको सरसफार्इका निम्ती गरिने खर्च यसमा पर्दछ ।",,0,0,,,
202,22419,1,,अन्य सेवा शुल्क,f,f,f,f,0,t,,,,,,,f,1,,,,197,,f,3,,0,0,,माथि उल्लेखित बाहेका अन्य सेवा शुल्क भुक्तानी सम्वन्धी खर्च यसमा पर्दछ ।,,0,0,,,
203,22500,1,,कार्यक्रम सम्वन्धी खर्चहरु,t,f,f,f,0,t,,,,,,,f,1,,,,170,,f,3,,0,0,,"यसमा कच्चा पदार्थ तथा अन्य मालसामान श्रम तथा उत्पादनसँग सम्वन्धित अन्य समेत प्रत्यक्ष रुपमा समावेश भर्इ सामानहरु उत्पादन गर्दा लाग्ने सबै प्रकारका लागतहरु तथा सार्वजनिक गोष्ठी,सार्वजनिक रुपमा दिइने तालिम सञ्चालन खर्च, चेतनामुलक सुचना तथा विज्ञापन खर्च एवं सेवाग्राही बर्गलार्इ सेवा दिँदा लाग्ने स्रोत व्यक्तिको भत्ता खर्च समावेश गरिन्छ ।यसमा खर्च लेखन् मिल्दैन ।",,0,0,,,
204,22510,1,,तालिम तथा गोष्ठी,t,f,f,f,0,t,,,,,,,f,1,,,,203,,f,3,,0,0,,यसमा तालिम तथा गोष्ठी एवं कार्यशालासम्बधी खर्चहरु समावेश गरिन्छ। यसमा खर्च लेखन् मिल्दैन।,,0,0,,,
205,22511,1,,कर्मचारी तालिम खर्च,f,f,f,f,0,t,,,,,,,f,1,,,,204,,f,3,,0,0,,"यसमा कर्मचारीको वृती बिकास तथा क्षमता वृद्धीका लागी दिइने तालिम, गोष्ठी, कार्यशाला सञ्चालनबापतको खर्च तथा तालिममा सहभागी हुँदाको दैनिक भ्रमण भत्ताको खर्च,प्रशिक्षक,श्रोत ब्यक्तिको भत्ता समेत समावेश गरिन्छ ।",,0,0,,,
206,22512,1,,सिप बिकास तथा जनचेतना तालिम तथा गोष्ठी सम्वन्धी खर्च,f,f,f,f,0,t,,,,,,,f,1,,,,204,,f,3,,0,0,,"यसमा सार्वजनिक रुपमा दिइने आय आर्जन,सिप बिकास, सशक्तिकरण, सार्वजनिक चेतना जागरण जस्ता तालिम सञ्चालनको खर्च जस्तै प्रशिक्षक,श्रोत ब्यक्तिको भत्ता,मसलन्द, खाजा खर्च, हल भाडा तथा तालिमका सहभागिताको स्वीकृत मापदण्ड अनुसारको दैनिक भत्ता तथा भ्रमण खर्च र स्वकृत कार्यक्रम अनुसारको कार्यक्रम कार्यन्वयन गर्दा लाग्ने भ्रमण खर्च समावेश गरिन्छ ।",,0,0,,,
207,22520,1,,"उत्पादन सामाग्री, सेवा तथा अन्य कार्यक्रम खर्च",t,f,f,f,0,t,,,,,,,f,1,,,,203,,f,3,,0,0,,"बिक्रि बितरण गरिने उत्पादन सामाग्रीको कच्चा पदार्थ,अन्य मालसामान तथा उत्पादनसँग सम्वन्धित अन्य खर्चका साथै कुनै बजेट रकमहरुमा नपरेका कायक्रम खर्चहरु यसमा समावेश गरिन्छ। यसमा  खर्च लेख्न् मिल्दैन।",,0,0,,,
208,22521,1,,उत्पादन सामाग्री/ सेवा खर्च,f,f,f,f,0,t,,,,,,,f,1,,,,207,,f,3,,0,0,,"कच्चा पदार्थ तथा अन्य मालसामान आदी खरिद गरी त्यसमा श्रम तथा प्रत्यक्ष रुपमा उत्पादनसँग  सम्वन्धीत अन्य खर्च समेत थप गरी उत्पादन वा प्राप्त हुने सामान पछि नगदमा बिक्री वितरण हुने अवस्थामा त्यस्तो सामान उत्पादन गर्दा लागेको कच्चा पदार्थ तथा अन्य मालसामानको मोल र उत्पादनसँग सम्वन्धित अन्य खर्च (जस्तै: हुलाक पोष्ट, कार्ड घरेलु सामानहरु,किटनाशक ‌ओषधि,कृषि अन्तर्गतका दोपाया,चैपाया, मत्स्य पालन,च्याउ खेती,अन्य कृषि सम्वन्धी उत्पादन नापी कार्य अन्तर्गत नक्सा तयारी,कानुनी किताब, सामानको पुन: उत्पादन विभिन्न दृश्य तथा राष्टिय सम्पदाका पोष्ट कार्ड, परिचय-पुस्तिका (ब्रोसियर) आदीको खर्च,साथै नल सुधारका लागी खरिद गरिएका दोपाया चोपायाको मोल,अस्पतालमा प्रयोग हुने एक बर्ष भन्दा कम अवधि टिकाउ हुने प्रकृतिका सामानहरुको खर्च र यस्ता सामानहरुको ढुवानी गर्दा लाग्ने यातायात तथा ढुवानीसम्वन्धी खर्च बिक्री बितरणको उदेश्यले उत्पादन गरिने बिउ बिजन, बिरुवाको खर्च आदी) यसमा समाबेश गरिन्छ । तर पूँजीगत सामान खरिद गरी कार्यालय सम्म पुराउँदा लागेको र वृक्षारोपण गर्नको लागी गरिने पुँजिगत खर्च सम्वन्धित खर्च शीर्षकमै जोडी जिन्सी किताबमा मोल कायम गर्नु पर्नेछ ।",,0,0,,,
209,22522,1,,कार्यम्रम खर्च,f,f,f,f,0,t,,,,,,,f,1,,,,207,,f,3,,0,0,,"यसमा २२५१२ मा पर्ने सीप विकास र जनचेतना तालिम तथा गोष्ठी बाहेका सबै किसिमका कार्यक्रम जस्तै स्वास्थ्य,शिक्षा,कृषि,महिला,पर्यटन लगायतका विभिन्न क्षेत्रमा सञ्चालन हुने उत्पादन तथा सेवा प्रवाह (बिक्री हुने वाहेक) सम्वन्धी कार्यक्रमको खर्च समाबेश गरिन्छ।",,0,0,,,
211,22600,1,,"अनुगमन,मुल्यांकन र भ्रमण खर्च",t,f,f,f,0,t,,,,,,,f,1,,,,170,,f,3,,0,0,,"यसमा अनुगमन तथा मुल्याङ्कन कार्यमा हुने खर्च र सरकारी काम वा कार्यक्रम कार्यान्वयन तथा सरुवाको सिलसिलामा स्वदेश वा विदेशमा भ्रमण गर्दा नियमानुसार पाइने भ्रमण खर्च,दैनिक भत्ता,वासस्थान खर्च,पकेट खर्च, फुटकर तथा भैपरी आउने खर्चहरु समावेश गरिन्छ। यसमा खर्च लेख्न् मिल्दैन।",,0,0,,,
212,22610,1,,"अनुगमन,मुल्यांकन र भ्रमण खर्च",t,f,f,f,0,t,,,,,,,f,1,,,,211,,f,3,,0,0,,"यसमा अनुगमन तथा मुल्याङ्कन कार्यमा हुने खर्च र सरकारी काम वा कार्यक्रम कार्यान्वयन तथा सरुवाको सिलसिलामा स्वदेश वा विदेशमा भ्रमण गर्दा नियमानुसार पाइने भ्रमण खर्च,दैनिक भत्ता,वासस्थान खर्च,पकेट खर्च, फुटकर तथा भैपरी आउने खर्चहरु समावेश गरिन्छ। यसमा खर्च लेख्न् मिल्दैन।",,0,0,,,
213,22611,1,,"अनुगमन,मुल्यांकन खर्च",f,f,f,f,0,t,,,,,,,f,1,,,,212,,f,3,,0,0,,"यसमा अनुगमन तथा मुल्याङ्कन कार्य, तत्सम्वन्धी प्रतिवेदन तथा निरिक्षणको लागी हुने खर्च र अनुगमन गर्ने पदाधिकी तथा कर्मचारीहरुको दैनिक भ्रमण भत्ता लगायतका खर्चहरु समावेश गरिन्छ।",,0,0,,,
214,22612,1,,भ्रमण खर्च,f,f,f,f,0,t,,,,,,,f,1,,,,212,,f,3,,0,0,,"यसमा (क) एक कार्यालयबाट अर्का कार्यालयमा सरुवा भएको वा दरवन्दी यथास्थानमा राखी काज सरुवा भएको कर्मचारी र निजले नियमनुसार लैजान पाउने परिवारको भ्रमण खर्च निधारित दरमा सवारी खर्च र पैदल हिडे वापत् पाउने भ्रमण खर्च (जस्तैः यातायात भाडा,हवार्इ उठान कर, भ्रमणसम्वन्धी विमा खर्च र सरकारवाट स्वीकृत भ्रमणसम्वन्धी फुटकर खर्चहरु ) (ख) सरुवा भर्इ जाने कर्मचारी र निजको परिवारले नियमनुसार पाउने दैनिक भत्ता (ग) सरकारी काम कार्यक्रम कार्यान्वयनको सिलसिलामा स्वदेश वा विदेशमा भ्रमण गर्दा नियमनुसार पाइने भ्रमण खर्च, दैनिक भत्ता, वास्थानमा खर्च, बिमा खर्च,  बिमा खर्च फुटकर तथा भैपरि आउने खर्चहरु पर्दछन् ।",,0,0,,,
215,22613,1,,विशिष्ट व्यक्ति तथा प्रतिनिधि मण्डलको भ्रमण खर्च,f,f,f,f,0,t,,,,,,,f,1,,,,212,,f,3,,0,0,,"विशिष्ट व्यक्ति तथा प्रतिनिधि मण्डलको लागि हुने यातायात भाडा, हवाई उडान कर, सम्वन्धि बिमा खर्च, दैनिक भत्ता, वासस्थान, विदेश जाँदाको भत्ता, फुटकर तथा भैपरी आउने खर्चहरु यसमा सामबेश गरिन्छ |",,0,0,,,
216,22619,1,,अन्य भ्रमण खर्च,f,f,f,f,0,t,,,,,,,f,1,,,,212,,f,3,,0,0,,"सरकार बादी हुने मुद्दामा सरकारी पक्षमा साक्षीको रुपमा झिकाईएको व्यक्तिको भ्रमणसम्वन्धि खर्च यसमा समाबेश गरिन्छ | २२६११,२२६१२,र२२६१३ मा नपरेका कुनै व्यक्तिलाई प्रचलित कानुनको अधिनमा रही भर्मण भत्तादिनु पर्ने भएमा त्यस्तो रकम यसमा पर्दछ |",,0,0,,,
217,22700,1,,विविध खर्च,t,f,f,f,0,t,,,,,,,f,1,,,,170,,f,3,,0,0,,यसमा विभिन्न किसिमका विधिहरु खर्चहरु समाबेश गरिन्छ | यसमा खर्च लेख्न मिल्दैन |,,0,0,,,
218,22710,1,,विविध खर्च,t,f,f,f,0,t,,,,,,,f,1,,,,217,,f,3,,0,0,,यसमा सरकारी कामको सिलसिलामा आवस्यकता पर्ने विभिन्न किसिमका विधिहरु खर्चहरु समाबेश गरिन्छ | यसमा खर्च लेख्न मिल्दैन |,,0,0,,,
219,22711,1,,विविध खर्च,f,f,f,f,0,t,,,,,,,f,1,,,,218,,f,3,,0,0,,"यसमा (क) स्वीकृत भएमा मनोरञ्जन, प्रदशर्न, चियापान र भोजहरु सम्वन्धि खर्च (ख) कार्यालय सुरक्षासम्वन्धी आवश्वकता खर्च (गा) प्रतिनिधि मण्डलको स्वागत खर्च र अतिथि सत्कार खर्च (घ) अन्य कुनै खर्च शिर्षकमा नपरेका नियमानुसार गर्नुपर्ने विविध खर्च जस्ता रकम यसमा समावेश गरिन्छ |",,0,0,,,
220,22720,1,,सभा संञ्चालन खर्च,t,f,f,f,0,t,,,,,,,f,1,,,,218,,f,3,,0,0,,गाउँ व नगर सभा संञ्चालन सम्वन्धि खर्च यसमा समाबेश गरिन्छ | यसमा खर्च लेख्न मिल्दैन |,,0,0,,,
221,22721,1,,सभा संञ्चालन खर्च,f,f,f,f,0,t,,,,,,,f,1,,,,218,,f,3,,0,0,,गाउँ व नगर सभा संञ्चालन सम्वन्धि खर्च यसमा समाबेश गरिन्छ |,,0,0,,,
225,23111,1,,स्थिर सम्पतिमा ह्रास कट्टी,f,f,f,f,0,t,,,,,,,f,1,,,,224,,f,3,,0,0,,सरकारले ह्रास निर्णय गरी स्वामीत्वमा रहेको स्थिर सम्पत्तिमा हुने ह्रास कट्टी खर्च यसमा समावेश  गरिन्छ |,,0,0,,,
226,24000,1,,"ब्याज, सेवा सुल्क तथा बैंक कमिशन",t,f,f,f,0,t,,,,,,,f,1,,,,136,,f,3,,0,0,,कुनै वित्तीय सम्पत्ति वा कुनै दृश्य तथा अनुत्पादित सम्पतिको प्रयोग बापत भुक्तानी गर्नुपर्ने ब्याज खर्च यसमा समावेश गरिन्छ |यसमा खर्च लेख्न मिल्दैन |,,0,0,,,
227,24100,1,,बैदेशिक ऋणको ब्याज,t,f,f,f,0,t,,,,,,,f,1,,,,226,,f,3,,0,0,,यसमा बैदेशिक ऋणको ब्याज तथा सेवा सुल्कसमन्धी खर्च समाबेश गरिन्छ |यसमा खर्च लेख्न मिल्दैन |,,0,0,,,
228,24110,1,,वैदेशिक ऋणको ब्याज,t,f,f,f,0,t,,,,,,,f,1,,,,227,,f,3,,0,0,,यसमा सरकारले लिएको बैदेशिक ऋणको ब्याज तथा सेवा सुल्कसमन्धी खर्च समाबेश गरिन्छ |यसमा खर्च लेख्न मिल्दैन |,,0,0,,,
229,24111,1,,वैदेशिक ऋणको ब्याज,f,f,f,f,0,t,,,,,,,f,1,,,,228,,f,3,,0,0,,यसमा सरकारले लिएको बैदेशिक ऋणको ब्याज तथा सेवा सुल्कसमन्धी खर्च समाबेश गरिन्छ |,,0,0,,,
230,24200,1,,"आन्तरिक ऋणको ब्याज,सेवा सुल्क तथा बैंक कमिशन",t,f,f,f,0,t,,,,,,,f,1,,,,226,,f,3,,0,0,,"यसमा सरकारले लिएको आन्तरिक ऋण तथा सापटी ब्यहोर्नु पर्ने ब्याज,सेवा सुल्क र बैंक कमिशन समाबेश गरिन्छ| यसमा खर्च लेख्न मिल्दैन |",,0,0,,,
231,24210,1,,"आन्तरिक ऋणको ब्याज,सेवा शुल्क तथा बैंक कमिशन",t,f,f,f,0,t,,,,,,,f,1,,,,230,,f,3,,0,0,,यसमा सरकारले लिएको आन्तरिक ऋण तथा सापटीमा व्यहोर्नु पर्ने ब्याज खर्च र सेवा शुल्क समाबेश गरिन्छ |यसमा खर्च लेख्न मिल्दैन |,,0,0,,,
232,24211,1,,आन्तरिक ऋणको ब्याज,f,f,f,f,0,t,,,,,,,f,1,,,,231,,f,3,,0,0,,यसमा सरकारले लिएको आन्तरिक ऋण तथा सापटीमा व्यहोर्नु पर्ने ब्याज बापतको खर्च समाबेश गरिन्छ |,,0,0,,,
233,24212,1,,आन्तरिक ऋणको सेवा शुल्क तथा बैंक कमिशन,f,f,f,f,0,t,,,,,,,f,1,,,,231,,f,3,,0,0,,यसमा सरकारले आन्तरिक ऋण तथा सापटी लिदा केन्द्रय/सम्वन्धित बैंकलाई तिर्नु पर्ने सेवा शुल्क र सरकारी कारोबार गरे बापत् वाणिज्य बैंकहरुलाई दिनु पर्ने कमिसन बापतको रकम समाबेश गरिन्छ|,,0,0,,,
234,24213,1,,"अन्य वित्तिय संस्थाको ऋणको सेवा शुल्क,कमिशन तथा सेवा शुल्क भुक्तानी",f,f,f,f,0,t,,,,,,,f,1,,,,231,,f,3,,0,0,,"यसमा माथि उल्लेखित बाहेक अन्य कुनै बैंक तथा बितीय सस्थाबाट कुनै प्रकारको ऋण लिएकोमा सो को सेवा शुल्क,कमिशन तथा ब्याज बापत भुक्तानी गर्नुपर्ने रकम समावेश हुन्छ |",,0,0,,,
235,24300,1,,अन्य तहका सरकारबाट प्राप्त ऋण को ब्याज सेवा शुल्क तथा कमिशन,t,f,f,f,0,t,,,,,,,f,1,,,,226,,f,3,,0,0,,"अन्य तहका सरकारबाट प्राप्त ऋणको ब्याज,सेवा सुल्क तथा कमिशन भुक्तानी खर्च यसमा पर्दछ |",,0,0,,,
236,24310,1,,"अन्य तहका सरकारबाट प्राप्त ऋणको ब्याज,सेवा शुल्क तथा कमिशन",t,f,f,f,0,t,,,,,,,f,1,,,,235,,f,3,,0,0,,अन्य तहका सरकारबाट प्राप्त ऋणको ब्याज तथा सेवा शुल्क भुक्तानी खर्च यसमा पर्दछ| यसमा खर्च लेख्न मिल्दैन |,,0,0,,,
237,24311,1,,अन्य तहका सरकारबाट प्रप्त ऋणको ब्याज,f,f,f,f,0,t,,,,,,,f,1,,,,236,,f,3,,0,0,,अन्य तहका सरकारबाट प्रप्त ऋणको ब्याज भुक्तानी खर्च यसमा पर्दछ |,,0,0,,,
238,24312,1,,अन्य तहका सरकारबाट प्रप्त ऋणको सेवा शुल्क तथा कमिशन,f,f,f,f,0,t,,,,,,,f,1,,,,236,,f,3,,0,0,,अन्य तहका सरकारबाट प्रप्त ऋणको सेवा सुल्क तथा कमिशन भुक्तानी खर्च यसमा पर्दछ |,,0,0,,,
422,33325,1,,धरौटी कट्टी,f,f,f,f,0,t,,,,,,,f,1,,,,417,,f,4,,0,0,,,,0,0,,,
239,25000,1,,सहायता (सब्सिडी ),t,f,f,f,0,t,,,,,,,f,1,,,,136,,f,3,,0,0,,यसमा सरकार द्वारा सार्वजनिक संस्था र अन्य सस्थाहरुलाई प्रदान गरिने चालु प्रकृतिका सहायता समावेश गरिन्छ |यसमा खर्च लेख्न मिल्दैन,,0,0,,,
348,32120,1,,नगद तथा मौज्दात,t,f,f,f,0,t,,,,,,,f,1,,,,347,,f,2,,0,0,,गत वर्षको नगद दाखिला यसमा समाबेश हुन्छ | यसमा रकम जम्मा गर्न मिल्दैन |,,0,0,,,
240,25100,1,,सार्वजनिक संस्थानहरुलाई सहायता,t,f,f,f,0,t,,,,,,,f,1,,,,239,,f,3,,0,0,,यसमा सरकारद्धारा सार्वजनिक संस्थानहरुलाई प्रदान गरिने चालु प्रकृतिको सहायता समावेश गरिन्छ। यसमा खर्च लेख्न मिल्दैन।,,0,0,,,
241,25110,1,,गैह्र वित्तिय संस्थानहरुलाई सहायता,t,f,f,f,0,t,,,,,,,f,1,,,,240,,f,3,,0,0,,यस अन्तर्गत सरकारका तर्फबाट गैर वित्तिय सार्वजानिक संस्थानहरुलाई दिइने चालु प्रकृतिको सहायतालाई जनाउँदछ। यसमा खर्च लेख्न मिल्दैन।,,0,0,,,
242,25111,1,,गैह्र वित्तिय संस्थानहरुलाई चालु सहायता,f,f,f,f,0,t,,,,,,,f,1,,,,241,,f,3,,0,0,,यसमा सरकारको पूर्ण वा आशिंक स्वामित्व भएका गैर वित्तिय सार्वजानिक संस्थानहरुलाई चालु प्रकृतिको खर्चको लागि दिइने सहायतासम्वन्धी खर्च पर्दछन् ।,,0,0,,,
243,25112,1,,गैह्र वित्तिय संस्थानहरुलाई पूँजीगत सहायता,f,f,f,f,0,t,,,,,,,f,1,,,,241,,f,3,,0,0,,यसमा सरकारको गैर वित्तिय सार्वजानिक संस्थानहरुलाई पूँजीगत सम्पत्तिको खरिद र निर्माण कार्यको लागि दिइने सहायताको रकम  पर्दछन् ।,,0,0,,,
244,25120,1,,वित्तिय संस्थानहरुलाई सहायता,t,f,f,f,0,t,,,,,,,f,1,,,,240,,f,3,,0,0,,यसमा सरकारद्धारा वित्तिय सार्वजानिक संस्थानहरुलाई दिइने चालु प्रकृतिको सहायता समाबेश गरिन्छ।यसमा खर्च लेख्न मिल्दैन।,,0,0,,,
245,25121,1,,वित्तिय संस्थानहरुलाई चालु सहायता,f,f,f,f,0,t,,,,,,,f,1,,,,244,,f,3,,0,0,,यसमा सरकारको पूर्ण वा आशिंक स्वामित्व भएका वित्तिय सार्वजानिक संस्थानहरुलाई चालु प्रकृतिको खर्चको लागि दिइने सहायतासम्वन्धी खर्च समाबेश गरिन्छ ।,,0,0,,,
246,25122,1,,वित्तिय संस्थानहरुलाई पूँजीगत सहायता,f,f,f,f,0,t,,,,,,,f,1,,,,244,,f,3,,0,0,,यसमा सरकारद्धारा वित्तिय सार्वजानिक संस्थानहरुलाई पूँजीगत सम्पत्तिको खरिद र निर्माण कार्यको लागि दिइने सहायताको रकम समाबेश गरिन्छ ।,,0,0,,,
247,25200,1,,व्यवसायहरुलाई सहायता,t,f,f,f,0,t,,,,,,,f,1,,,,239,,f,3,,0,0,,यसमा नेपाल सरकारद्धारा निजी व्यवसायहरुलाई प्रदान  गरिने चालु प्रकृतिको सहायता समावेश गरिन्छ। यसमा खर्च लेख्न मिल्दैन ।,,0,0,,,
248,25210,1,,गैह्र वित्तिय व्यवसायहरुलाई सहायता,t,f,f,f,0,t,,,,,,,f,1,,,,247,,f,3,,0,0,,यस अन्तर्गत सरकारका तर्फबाट गैर वित्तिय निजी व्यवसायहरुलाई प्रदान  गरिने चालु प्रकृतिको सहायतालाई जनाउँदछ। यसमा खर्च लेख्न मिल्दैन ।,,0,0,,,
249,25211,1,,गैह्र वित्तिय व्यवसायहरुलाई चालु सहायता,f,f,f,f,0,t,,,,,,,f,1,,,,248,,f,3,,0,0,,यसमा सरकारद्धारा गैर वित्तिय निजी व्यवसायहरुलाई सञ्चालन अनुदानको रुपमा प्रदान गरिने चालु प्रकतिको सहायतासम्वन्धी रकम समाबेश गरिन्छ ।,,0,0,,,
250,25212,1,,गैह्र वित्तिय व्यवसायहरुलाई पूँजीगत सहायता,f,f,f,f,0,t,,,,,,,f,1,,,,248,,f,3,,0,0,,यसमा सरकारले गैर वित्तिय निजी व्यवसायहरुलाई पूँजीगत सम्पत्तिको खरिद वा निर्माणसम्वन्धी खर्चहरुको लागि दिने सहायता रकम समावेश गरिन्छ।,,0,0,,,
251,25220,1,,वित्तिय व्यवसायहरुलाई सहायता,t,f,f,f,0,t,,,,,,,f,1,,,,247,,f,3,,0,0,,यसमा सरकारद्धारा वित्तिय निजी व्यवसायहरुलाई प्रदान गरिने चालु प्रकृतिको सहायता समावेश गरिन्छ।यसमा खर्च लेख्न मिल्दैन।,,0,0,,,
252,25221,1,,वित्तिय व्यवसायहरुलाई चालु सहायता,f,f,f,f,0,t,,,,,,,f,1,,,,251,,f,3,,0,0,,यसमा सरकारद्धारा वित्तिय निजी व्यवसायहरुलाई सञ्चालन अनुदानको रुपमा प्रदान गरिने चालु प्रकतिको सहायतासम्वन्धी रकम समाबेश गरिन्छ ।,,0,0,,,
377,33100,1,,आन्तरिक दायित्व,t,f,f,f,0,t,,,,,,,f,1,,,,376,,f,4,,0,0,,यसमा सरकारका सबै किसिमका सबै किसिमका आन्तरिक दायित्वको रकम समाबेश गरिन्छ |,,0,0,,,
335,31159,1,,अन्य सार्वजनिक  निर्माण,f,f,f,f,0,t,,,,,,,f,1,,,,326,,f,3,,0,0,,माथि ३११५१ देखि ३११५८ सम्म नपरेका अन्य सार्वजनिक निर्माणसंग संम्वन्धित खर्चहरु यसमा समावेश गर्नु पर्दछ|,,0,0,,,
253,25222,1,,वित्तिय व्यवसायहरुलाई पूँजीगत सहायता,f,f,f,f,0,t,,,,,,,f,1,,,,251,,f,3,,0,0,,यसमा सरकारले वित्तिय निजी व्यवसायलाई पूँजीगत सम्पत्तिको खरिद वा निर्माणसम्वन्धी खर्चहरुको लागि दिइने सहायता समावेश गरिन्छ।,,0,0,,,
254,25300,1,,अन्य सहायता,t,f,f,f,0,t,,,,,,,f,1,,,,239,,f,3,,0,0,,माथि उल्लेखित बाहेक अन्य प्रकारको सहायता यसमा पर्दछ। यसमा खर्च लेख्न मिल्दैन।,,0,0,,,
255,25310,1,,अन्य सामाजिक संस्थालाई सहायता,t,f,f,f,0,t,,,,,,,f,1,,,,254,,f,3,,0,0,,माथि उल्लेखित बाहेक अन्य सामाजिक संस्थाहरुलाई सरकारले प्रदान  गर्ने सहायता यसमा समावेश गर्नु पर्नेछ।,,0,0,,,
256,25311,1,,शैंक्षिक संस्थाहरुलाई सहायता,f,f,f,f,0,t,,,,,,,f,1,,,,255,,f,3,,0,0,,शैंक्षिक संस्थाहरुलाई सरकारले प्रदान गर्ने सहायता सम्वन्धी खर्च रकम यसमा पर्दछ ।,,0,0,,,
257,25312,1,,स्वास्थ संस्थालाई सहायता,f,f,f,f,0,t,,,,,,,f,1,,,,255,,f,3,,0,0,,सहायता संस्थाहरुलाई सरकारले प्रदान गर्ने सहायता सम्वन्धी खर्च रकम यसमा पर्दछ।,,0,0,,,
258,25313,1,,उपभोक्ता समिति तथा गैर्‍ह सरकारी ‌संस्था सहायता,f,f,f,f,0,t,,,,,,,f,1,,,,255,,f,3,,0,0,,उपभोक्ता समिति तथा गर्है सरकारी ‌संस्थालाई सरकारले प्रदान गर्ने सहायता सम्वन्धि खर्च यसमा पर्दछ,,0,0,,,
259,25314,1,,धार्मिक तथा सांस्कृतिक संस्था सहायता,f,f,f,f,0,t,,,,,,,f,1,,,,255,,f,3,,0,0,,धार्मिक तथा सांस्कृतिक संस्थालाई सरकारले प्रदान गर्ने सहायता सम्वन्धि खर्च रकम यसमा पर्दछ,,0,0,,,
260,25315,1,,अन्य सहायता,f,f,f,f,0,t,,,,,,,f,1,,,,255,,f,3,,0,0,,माथि उल्लेखित बाहेकका व्यक्ती संस्था वा अन्य जुनसुकै प्रयोनजको लागी सरकारले प्रदान गर्ने सहायता रकम यसमा पर्दछ,,0,0,,,
261,26000,1,,अनुदान,t,f,f,f,0,t,,,,,,,f,1,,,,136,,f,3,,0,0,,यसमा सरकारले प्रदान गर्ने अनुदान रकम समावेश हुन्छ ।  यसमा खर्च लेख्न मिल्दैन ।,,0,0,,,
262,26300,1,,अन्य तहका सरकारहरुलाई अनुदान,t,f,f,f,0,t,,,,,,,f,1,,,,261,,f,3,,0,0,,यसमा सरकारद्रारा स्थानिय निकायहरुलाई प्रदान गरिने अनुदान रकम समावेश गरिन्छ यसमा खर्च लेख्न मिल्दैन,,0,0,,,
263,26330,1,,आन्तरिक अनुदान,t,f,f,f,0,t,,,,,,,f,1,,,,262,,f,3,,0,0,,आन्तरिक रुपमा अन्य सरकारलाई प्रदान गरिने अनुदान यसमा पर्दछन यसमा खर्च लेख्न मिल्दैन,,0,0,,,
264,26332,1,,शसर्त अनुदान,f,f,f,f,0,t,,,,,,,f,1,,,,263,,f,3,,0,0,,यसमा निश्चित प्रयोजनमा लागि कार्य वा शर्त तोकी एक सरकारबाट अर्को सरकारलाई प्रदान गर्ने शर्त सहितको चालु अनुदान बापतको रकम शमावेश गरिन्छ,,0,0,,,
265,26333,1,,विषेश अनुदान,f,f,f,f,0,t,,,,,,,f,1,,,,263,,f,3,,0,0,,यसमा एक सरकारले अर्को सरकारलाई विशेष कार्य वा प्रयोजनको लागी त्यस्तो कार्य सम्पादन गर्नुपर्ने कारण सहित उपलब्ध गराउने विशेष प्रकारको चालु अनुदान बापतको रकम यसमा समावेश गरिन्छ,,0,0,,,
266,26335,1,,अन्य अनुदान,f,f,f,f,0,t,,,,,,,f,1,,,,263,,f,3,,0,0,,२६३३१ देखी २६३३४ सम्म नपरेका अन्य प्रकृतिका अनुदान रकम यसमा समावेश गरिन्छ।,,0,0,,,
267,26400,1,,सामाजिक सेवा अनुदान,t,f,f,f,0,t,,,,,,,f,1,,,,261,,f,3,,0,0,,"यसमा सरकारी निकाय, समिती एवं बोर्डहरु, अन्य संस्थाहरुलाई चालु खर्चको लागी दिइने निःशर्त, शःशर्त अनुदान र अन्य मुलुक तथा अन्तराष्ट्रिय संघ संस्थालाइ दिइने सहयोग, चन्दा तथा अन्तराष्ट्रिय संघ संस्थाको सदस्यता शुल्क र नविकरण शुल्क तथा खर्च शमावेश गरिन्छ ।  यसमा खर्च लेख्न मिल्दैन ।",,0,0,,,
268,26410,1,,चालु अनुदान,t,f,f,f,0,t,,,,,,,f,1,,,,267,,f,3,,0,0,,"यसमा सरकारी निकाय, समिती एवं बोर्डहरु, अन्य संस्थाहरुलाई चालु खर्चको लागी दिइने निःशर्त, शःशर्त अनुदान र अन्य मुलुक तथा अन्तराष्ट्रिय संघ संस्थालाइ दिइने सहयोग, चन्दा तथा अन्तराष्ट्रिय संघ संस्थाको सदस्यता शुल्क र नविकरण शुल्क तथा खर्च शमावेश गरिन्छ ।  यसमा खर्च लेख्न मिल्दैन ।",,0,0,,,
269,26411,1,,"सरकारी निकाय, समिती एवं बोर्डहरुलाई निःशर्त चालु अनुदान",f,f,f,f,0,t,,,,,,,f,1,,,,268,,f,3,,0,0,,"यसमा सरकारको तर्फबाट सरकारी निकाय ( विकास समिती ऐन वा छुट्टै ऐनद्रारा गठन भएका निकाय समेत ) तथा बोर्ड, समिति, शिक्षण संस्था, अस्पताललाई दिईने निःशर्त अनुदान समावेश गरिन्छ ।",,0,0,,,
270,26412,1,,"सरकारी निकाय, समिती एवं बोर्डहरुलाई सःशर्त चालु अनुदान",f,f,f,f,0,t,,,,,,,f,1,,,,268,,f,3,,0,0,,"यसमा सरकारको तर्फबाट सरकारी निकाय ( विकास समिती ऐन वा छुट्टै ऐनद्रारा गठन भएका निकाय समेत ) तथा बोर्ड, समिति, शिक्षण संस्था, अस्पताललाई तोकिएका कार्यक्रमहरु सञ्चालन गर्न दिईने सःशर्त अनुदान समावेश गरिन्छ ।",,0,0,,,
271,26413,1,,अन्य संस्थालाई अनुदान- सःशर्त,f,f,f,f,0,t,,,,,,,f,1,,,,268,,f,3,,0,0,,"यसमा (क) दैवी प्रकोप वा अन्य कारणले अन्य संस्थालाई दिइने क्षतिपुर्ति समन्धी खर्च (ख)  गैर सरकारी सामाजिक क्षेत्रका सेवामुलक संस्थाहरु, धार्मिक संघ संस्थाहरुलाई दिइने अनुदान समन्धी खर्च (ग) सरकारका तर्फबाट संघसंस्थालाई प्रादान गरिने आर्थिक सहायता, पुरस्कार आदिको खर्च र (घ) माथी शिर्षकहरुमा नपरेका अन्य संस्थागत अनुदान सम्वन्धी खर्चहरु समावेश गरिन्छ ।",,0,0,,,
272,26420,1,,पूँजीगत अनुदान,t,f,f,f,0,t,,,,,,,f,1,,,,267,,f,3,,0,0,,"यसमा सरकारी निकाय, समिती एवं बोर्डहरुलाई पूँजीगत निःशर्त सःशर्त अनुदान र अन्य संस्थालाई पूँजीगत खर्चको लागी दिइने रकम समावेश गरिन्छ।",,0,0,,,
273,26421,1,,"सरकारी निकाय, समिती एवं बोर्ड-पूँजीगत निःशर्त  अनुदान",f,f,f,f,0,t,,,,,,,f,1,,,,272,,f,3,,0,0,,"यसमा सरकारको तर्फबाट सरकारी निकाय (विकास समिती ऐन वा छुट्टै ऐनद्रारा गठन भएका निकाय समेत ) तथा बोर्ड, समिति, शिक्षण संस्था, अस्पताललाई पूँजीगत कार्यको लागी दिईने सःशर्त अनुदान पर्दछ ।",,0,0,,,
274,26422,1,,"सरकारी निकाय, समिती एवं बोर्ड-पूँजीगत सःशर्त  अनुदान",f,f,f,f,0,t,,,,,,,f,1,,,,272,,f,3,,0,0,,"यसमा सरकारको तर्फबाट सरकारी निकाय (विकास समिती ऐन वा छुट्टै ऐनद्रारा गठन भएका निकाय समेत ) तथा बोर्ड, समिति, शिक्षण संस्था, अस्पताललाई तोकिएका पूँजीगत कार्यक्रमहरु सञ्चालन गर्न दिईने सःशर्त अनुदान समावेश गरिन्छ ।",,0,0,,,
275,26423,1,,अन्य संस्थालाई - सःशर्त पूँजीगत अनुदान,f,f,f,f,0,t,,,,,,,f,1,,,,272,,f,3,,0,0,,यसमा गैर सरकारी सामाजिक क्षेत्रका सेवामुलक संस्थाहरु र माथी उल्लेख नभएका संस्थाहरुलाई पूँजीगत कार्यको लागी दिइने अनुदान शमावेश गरिन्छ ।,,0,0,,,
276,27000,1,,सामाजिक सुरक्षा,t,f,f,f,0,t,,,,,,,f,1,,,,136,,f,3,,0,0,,यसमा सामाजिक सुरक्षा प्रदान गर्ने उदेश्यले सरकारको तर्फबाट नगद वा जिन्सी को रुपमा ब्यहोरीने खर्च रकमहरु समावेश गरिन्छ । यसमा खर्च लेख्न मिल्दैन ।,,0,0,,,
277,27100,1,,सामाजिक सुरक्षा,t,f,f,f,0,t,,,,,,,f,1,,,,276,,f,3,,0,0,,यसमा तोकिएकम नागरिकहरुलाई सामाजिक सुरक्षा प्रदान गर्ने उदेश्यले सरकारको तर्फबाट नगद वा जिन्सी को रुपमा ब्यहोरीने खर्च रकमहरु समावेश गरिन्छ । यसमा खर्च लेख्न मिल्दैन ।,,0,0,,,
278,27110,1,,सामाजिक सुरक्षा,t,f,f,f,0,t,,,,,,,f,1,,,,277,,f,3,,0,0,,यसले प्रदान गर्ने आर्थिक सहयोगको खर्च समावेश गरिन्छ । यसमा खर्च लेख्न मिल्दैन ।,,0,0,,,
279,27111,1,,सामाजिक सुरक्षा,f,f,f,f,0,t,,,,,,,f,1,,,,278,,f,3,,0,0,,"यसमा (क) वृद्र, असहाय, अपागं, विधवा वा राज्यले दायित्व ब्यहोर्ने निर्णय गरेका व्यक्तिहरुलाई प्रदान गरिने आर्थिक सहायता वा अनुदान स्वरुप प्रदान गरिने अनुदान रकम (ख) बिरामीका लागी दिइने खाना खर्चहरु (ग) वन्दीहरुको लागी दिइने खाना, सिदा, कपडा र अन्य सहुलियत सम्वन्धी खर्चहरु समावेश गरिन्छ ।",,0,0,,,
310,31000,1,,पूँजीगत खर्च,t,f,f,f,0,t,,,,,,,f,1,,,,309,,f,3,,0,0,,यसमा सरकारको सबै किसिमका पूँजीगत खर्चहरु रकम समावेश हुन्छ । यसमा खर्च लेख्न मिल्दैन।,,0,0,,,
280,27112,1,,अन्य सामाजिक सुरक्षा,f,f,f,f,0,t,,,,,,,f,1,,,,278,,f,3,,0,0,,यसमा (क) राष्ट्रिय व्यक्तित्व तथा सर्वसाधारणलाई दिइने औषधी उपचार खर्च र मृत्यु वा अन्य कारणले पिडितलाई दिइने आर्थिक सहायताको रकम सम्वन्धी खर्च पर्दछ ।,,0,0,,,
281,27200,1,,सामाजिक सहायता,t,f,f,f,0,t,,,,,,,f,1,,,,276,,f,3,,0,0,,यसमा सरकारले विभिन्न लक्षित समुहलाई प्रदान गर्ने सामाजिक सहायताको रकम समावेश गरिन्छ ।,,0,0,,,
282,27210,1,,सामाजिक सहायता,t,f,f,f,0,t,,,,,,,f,1,,,,281,,f,3,,0,0,,यसमा सरकारले विभिन्न लक्षित समुहलाई प्रदान गर्ने सामाजिक सहायताको रकम समावेश गरिन्छ ।,,0,0,,,
283,27211,1,,छात्रवृत्ति,f,f,f,f,0,t,,,,,,,f,1,,,,282,,f,3,,0,0,,"यसमा विधालय, महाविधालय, विश्वविधालय जस्ता सवै शिक्षण संस्थाहरुमा अध्ययन गर्ने छात्रछात्राहरुलाई छात्रवृत्ति स्वरुप दिइने अनुदान बापतको नगद, जिन्सी वा सुविधाको रकम तथा सरकारी सेवामा कार्यरत कर्मचारीहरुलाई छात्रवृत्ती स्वरुप दिइने रकम समावेश गरिन्छ ।",,0,0,,,
284,27212,1,,"उद्वार, राहात तथा पुनर्स्थापना खर्च",f,f,f,f,0,t,,,,,,,f,1,,,,282,,f,3,,0,0,,प्रकोप वा अन्य घटनाका कारणले भएको क्षति बापत व्यक्ती/ संस्थालाई दिइने क्षतिपुर्तिको रकम यसमा समावेश गरिन्छ ।,,0,0,,,
285,27213,1,,औषधी खरिद खर्च,f,f,f,f,0,t,,,,,,,f,1,,,,282,,f,3,,0,0,,"यसमा अस्पताल, प्रथामिक स्वास्थ्य केन्द्र, आयुर्वेद औषधालय, आदी जस्ता निकायबाट निःशुल्क रुपमा वितरण गरिने वा बिरामी को उपचारमा प्रयोग हुने औषधी तथा स्वास्थ्य सामान खरिद र सोको ढुवानी सम्वन्धी खर्च समावेश गरिन्छ ।",,0,0,,,
286,27219,1,,अन्य सामाजिक साहयता,f,f,f,f,0,t,,,,,,,f,1,,,,282,,f,3,,0,0,,सरकारको तर्फबाट प्रदान गरिने अन्य आर्थिक /सामाजिक सहायता पुरस्कार वा सामाजिक सहायता सम्वन्धी रकम यसमा समावेश गरिन्छ ।,,0,0,,,
287,27300,1,,कर्मचारी सामाजिक लाभ सम्वन्धी खर्च,t,f,f,f,0,t,,,,,,,f,1,,,,276,,f,3,,0,0,,यस सेवा निवृत कर्मचारी तथा पदाधिकारीहरुलाई सुविधाहरु प्रदान गर्नको लागी हुने खर्चहरु समावेश गरिन्छ । यसमा खर्च लेख्न मिल्दैन ।,,0,0,,,
288,27310,1,,सेवा निवृत सुविधाहरु,t,f,f,f,0,t,,,,,,,f,1,,,,287,,f,3,,0,0,,यस सेवा निवृत कर्मचारी तथा पदाधिकारीहरुलाई सरकारले सेवा निवृत सुविधाहरु प्रदान गर्नको लागी हुने खर्चहरु समावेश गरिन्छ । यसमा खर्च लेख्न मिल्दैन ।,,0,0,,,
289,27311,1,,निवृतभरण तथा अशक्त वृत्ति,f,f,f,f,0,t,,,,,,,f,1,,,,288,,f,3,,0,0,,यस सेवा निवृत पदाधिकारी वा कर्मचारीहरुलाई सुविधाहरु प्रदान निवृत्तभारण सुविधा तथा अशक्त वृत्तिको खर्च समावेश गरिन्छ ।,,0,0,,,
290,27312,1,,उपदान,f,f,f,f,0,t,,,,,,,f,1,,,,288,,f,3,,0,0,,यस सेवा निवृत पदाधिकारी वा कर्मचारीको लागी गरिने उपदान  खर्च समावेश गरिन्छ ।,,0,0,,,
291,27313,1,,सेवा निवृतको संचित विदा,f,f,f,f,0,t,,,,,,,f,1,,,,288,,f,3,,0,0,,यस सेवा निवृत पदाधिकारी वा कर्मचारीको लागी गरिने संचित विदाको खर्च समावेश गरिन्छ ।,,0,0,,,
292,27314,1,,सेवा निवृत्तको औषधी उपचार,f,f,f,f,0,t,,,,,,,f,1,,,,288,,f,3,,0,0,,यस सेवा निवृत पदाधिकारी वा कर्मचारीको लागी प्रदान गरिने औषधी उपचार खर्च समावेश गरिन्छ ।,,0,0,,,
293,27315,1,,मृत कर्मचारीको सुबिधा तथा सहायता,f,f,f,f,0,t,,,,,,,f,1,,,,288,,f,3,,0,0,,"येसमा मृतक कर्मचारीको सुबिधा तथा निज को परिवार लाई उपलब्ध गराईने सुबिधा, मृतक कर्मचारीको परिवारलाई उपलब्ध गराएको सहायता वापत को रकम क. स. कोषलाई सोधभर्ना तथा मृतक कर्मचारीलाई सरकारको तर्फबाट दिएको थप रकम समावेश गरिन्छ ।",,0,0,,,
294,28000,1,,अन्य खर्च,t,f,f,f,0,t,,,,,,,f,1,,,,136,,f,3,,0,0,,येसमा सरकारको तर्फबाट गरिने सबै प्रकारका फिर्ता खर्च हरु तथा जग्गा भाडा समावेश गरिन्छ । यसमा खर्च लेख्न मिल्दैन ।,,0,0,,,
415,33315,1,,सावधिक विमा कोष कट्टीको हिसाव,f,f,f,f,0,t,,,,,,,f,1,,,,410,,f,4,,0,0,,,,0,0,,,
296,28140,1,,भाडा,t,f,f,f,0,t,,,,,,,f,1,,,,295,,f,3,,0,0,,"येसमा सरकारी प्रयोजनका लागि भाडामा लिएको जग्गा, भवन गोदाम  जस्ता पूँजीगत सम्पत्तिको भाडा खर्च समावेश गरिन्छ। यसमा खर्च लेख्न मिल्दैन ।",,0,0,,,
297,28141,1,,जग्गाको भाडा,f,f,f,f,0,t,,,,,,,f,1,,,,296,,f,3,,0,0,,येसमा सरकारी प्रयोजनका लागि जग्गा भाडामा लइ प्रयोग गरे वापत जग्गा धनि लाई भुक्तानी गर्नु पर्ने भाडा वा वालीनाली को क्षेतिपूर्ति वापतको खर्च समावेश गरिन्छ।,,0,0,,,
298,28142,1,,घर भाडा,f,f,f,f,0,t,,,,,,,f,1,,,,296,,f,3,,0,0,,यस कार्यालय तथा गोदाम प्रयोजनकालागि तथा सरकारी पदाधिकारिहरु लाई दीइने आवास सुबिधाको लागि लियको घर भाडा वापतको रकम समावेश गरिन्छ।,,0,0,,,
299,28143,1,,सवारी साधन तथा मेसिनरी औजार भाडा,f,f,f,f,0,t,,,,,,,f,1,,,,296,,f,3,,0,0,,"यसमा सरकारी प्रयोजनको लागि सवारी साधन, मेसिनरी औजार लगायत अन्य पूँजीगत सम्पति भाडामा लइ प्रयोग गरे वापतको भाडा खर्च पर्दछ । तर सार्वजनिक निर्माण कर्येका लागि लिइयको भाडाको रकम भने सम्वन्धीत पूँजीगत खर्च रकममै समावेश गरिन्छ ।",,0,0,,,
300,28149,1,,अन्य भाडा,f,f,f,f,0,t,,,,,,,f,1,,,,296,,f,3,,0,0,,माथि उल्लेखित बाहेकका अन्य प्रयोजनमा तिर्नु पर्ने भाडा यसमा पर्दछ,,0,0,,,
301,28200,1,,फिर्ता खर्च,t,f,f,f,0,t,,,,,,,f,1,,,,294,,f,3,,0,0,,येसमा सरकारका तर्फबाट गरिने सबै प्रकारका फिर्ता खर्चहरु समावेश गरिन्छ। यसमा खर्च लेख्न मिल्दैन ।,,0,0,,,
302,28210,1,,फिर्ता खर्च,t,f,f,f,0,t,,,,,,,f,1,,,,301,,f,3,,0,0,,"यसमा न्यायिक निर्णयानुसार गरिनु पर्ने तथा भन्सार, लगायतका अन्य सबै किसिमका कर हरु संग सम्वन्धित फिर्ता खर्च हरु समावेश गरिन्छ । यसमा खर्च लेख्न मिल्दैन ।",,0,0,,,
303,28211,1,,राजस्व फिर्ता,f,f,f,f,0,t,,,,,,,f,1,,,,302,,f,3,,0,0,,यसमा सरकारले फिर्ता गर्नुपर्ने भन्सार कर अन्तः शुल्क मालपोत दण्ड जरिवाना र अन्य राजस्व फिर्ता खर्चहरु र प्रचलित कानुन अनुसार दिइने राजस्व छुटको रकम समावेश गरिन्छ ।,,0,0,,,
304,28212,1,,न्यायीक फिर्ता,f,f,f,f,0,t,,,,,,,f,1,,,,302,,f,3,,0,0,,यसमा सरकारले न्यायीक निर्णय अनुसार गर्नु पर्ने फिर्ता खर्चहरु समावेश गरिन्छ ।,,0,0,,,
305,28219,1,,अन्य फिर्ता,f,f,f,f,0,t,,,,,,,f,1,,,,302,,f,3,,0,0,,यसमा सरकारले फिर्ता गर्नुपर्ने राजस्व तथा न्यायिक फिर्ता बाहेकका अन्य फिर्ता (बैदेशिक समेत) खर्चहरु समावेश गरिन्छ |,,0,0,,,
306,28900,1,,भैपरी आउने चालु खर्च,t,f,f,f,0,t,,,,,,,f,1,,,,294,,f,3,,0,0,,यो शिर्षक चालु खर्चको बजेट एकमुष्ट रुपमा प्रस्ताब गर्ने प्रायोजका लागि मात्र व्यवस्था गरिएको हो। यसमा खर्च लेख्न मिल्दैन |,,0,0,,,
307,28910,1,,भैपरी आउने चालु खर्च,t,f,f,f,0,t,,,,,,,f,1,,,,306,,f,3,,0,0,,यो शिर्षक चालु खर्चको बजेट एकमुष्ट रुपमा प्रस्ताब गर्ने प्रायोजका लागि मात्र व्यवस्था गरिएको हो यसमा खर्च लेख्न मिल्दैन |,,0,0,,,
308,28911,1,,भैपरी आउने चालु खर्च,f,f,f,f,0,t,,,,,,,f,1,,,,307,,f,3,,0,0,,"चालु खर्चतर्फ बजेट तर्जुमा गर्ने सिलसिलामा एकिन रुपमा खर्चको प्रस्ताव गर्न नसकी किटानि साथ खर्च शिर्षकमा रकम तोक्न सम्भव नभएको तर आगामी वर्षको खर्चको समावेश गर्नु पर्ने प्रकारका रकमहरु बजेट तर्जुमा प्रयोजनका लागि मात्रै यस खर्च शिर्षकमा प्रस्ताब गर्न सकिनेछ |तर खर्च गर्दा बाँडफाँड गरि सम्वन्धित खर्च शिर्षक अन्तर्गत नै समावेश गरि खर्च गर्नु पर्दछ |यो खर्च शिर्षक बाट खर्च गर्ने गरि अख्तियारी, निकासा र खर्च लेख्न मिल्दैन |",,0,0,,,
309,30000,1,,सम्पत्ति तथा दायित्व,t,f,f,f,0,t,,,,,,,f,1,,,,,,f,3,,0,0,,यसमा सरकारका सबै किसिमका सम्पत्ति प्राप्ति तथा स्थीर सम्पत्तिको निर्माणमा हुने खर्च रकम र सरकारको दायित्वमा रहेकव खुद रकम समावेश हुन्छ ।,,0,0,,,
416,33316,1,,तलब भत्ता भुक्तानीबाट कट्टी हुने अन्य कट्टीको हिसाव,f,f,f,f,0,t,,,,,,,f,1,,,,410,,f,4,,0,0,,,,0,0,,,
311,31100,1,,स्थीर सम्पत्ति प्राप्ति खर्च,t,f,f,f,0,t,,,,,,,f,1,,,,310,,f,3,,0,0,,यसमा सरकारको सबै किसिमका पूँजीगत खर्चहरु रकम समावेश हुन्छ । कार्य सम्पन्न भएपछि सम्वन्धीत शीर्षकमा निर्मित सम्पत्तिलाई पुँजीकृत गर्नुपर्दछ।यसमा खर्च लेख्न मिल्दैन।,,0,0,,,
312,31110,1,,भवन तथा संरचना,t,f,f,f,0,t,,,,,,,f,1,,,,311,,f,3,,0,0,,यसमा भवन खरीद वा निर्माणसँग सम्वन्धी पूँजीगत खर्चहरु समावेश गरिन्छ।यसमा खर्च लेख्न मिल्दैन।,,0,0,,,
313,31111,1,,भवन खरिद,f,f,f,f,0,t,,,,,,,f,1,,,,312,,f,3,,0,0,,"यसमा निर्मित भवन खरिद गर्दाको खर्च समावेश हुन्छ। भवन खरिद गर्दा सो भवन तथा भवनले ओगछेको जग्गा, कम्पाउण्ड लगायतका अन्य खर्च (जग्गा फर्निचर र फिक्चर्स आदि) के लागत छुट्याउन सक्ने भएको सम्वन्धीत खर्च शीर्षकमै रकम व्यवस्था गरी खर्च लेख्नु पर्दछ। खरिद गर्दाको भवन तथा सो भवनले रहेको जग्गा र कम्पाउण्ड समेतको खरिद लागेको खर्च यसमा समावेश गरिन्छ।",,0,0,,,
314,31112,1,,भवन निर्माण,f,f,f,f,0,t,,,,,,,f,1,,,,312,,f,3,,0,0,,"यसमा कार्यालय भवन,आवास भवन. भवन तथा जग्गाको कम्पाउण्ड वाल निर्माण, गोठ र टहरा जस्ता भवनजन्य संरचनाको निर्माण गर्न लाग्ने खर्चहरुको साथै भैरहेको भवनमा कोठा वा तला थप गर्दा हुने खर्च समावेश गर्नु पर्दछ।",,0,0,,,
315,31113,1,,निर्मित भवनको संरचनात्मक सुधार खर्च,f,f,f,f,0,t,,,,,,,f,1,,,,312,,f,3,,0,0,,यसमा भइरहेको भवन सम्वन्धी संरचनाको आयु थप हुने गरी गरिने पूँजीगत प्रकृतिको खर्च समावेश गर्नु पर्दछ।,,0,0,,,
316,31114,1,,जग्गा विकास कार्य,f,f,f,f,0,t,,,,,,,f,1,,,,312,,f,3,,0,0,,यसमा जग्गा विकास कार्य सम्वन्धी लागत खर्चको साथै सो कार्य सँग प्रत्यक्ष सम्वन्धीत अन्य रकमहरु समावेश गर्नु पर्दछ।,,0,0,,,
317,31115,1,,फर्निचर तथा फिक्चर्स,f,f,f,f,0,t,,,,,,,f,1,,,,312,,f,3,,0,0,,"यसमा सरकारी कार्यालयको प्रयोजनको लागि खरीद गरियका फर्नीचर, फर्निचर तथा फिक्चर्सको (क) खरीद मोल (ख) यस सम्वन्धी ढुवानी  भाडा, मार्मस्थ बीमा,कर,भन्सार सम्वन्धी खर्चहरु समावेश गरिन्छ ।",,0,0,,,
318,31120,1,,सवारी साधन तथा मेशीनरी औजार,t,f,f,f,0,t,,,,,,,f,1,,,,311,,f,3,,0,0,,यसमा सवारी साधन तथा मेशीनरी औजार खरिद सम्वन्धी खर्चहरु समावेश हुन्छ।यसमा खर्च लेख्न मिल्दैन।,,0,0,,,
319,31121,1,,सवारी साधन,f,f,f,f,0,t,,,,,,,f,1,,,,318,,f,3,,0,0,,"यसमा (क) सवारीका साधनहरु (जस्तै जीप, मीटरकार,बस, ट्रक, मोटर साइकल, स्कुटर, साइकल, ढुवानी सम्वन्धी काम गर्ने ट्रयाकटर,गाडा तान्ने जनावरहरु: बयलर घोडा आदी) को मोल,  (ख) सवारी साधनको इन्जीन नै बदली मर्मत गरेमा सोको मोल र (ग) सवारी साधन वा इन्जीन झिकाउँदा लागेको भाडा भरौट , कर, भन्सार, मार्गस्थ बीमा (घ) हवार्इ यातायातका साधन (हवार्इजहाज,हेलिकप्टर आदी) र तीनका मेशीनरी कम्पोनेन्ट खरिद आदी खर्चहरु समावेश गरिन्छ।",,0,0,,,
320,31122,1,,मेशिनरी तथा औजार,f,f,f,f,0,t,,,,,,,f,1,,,,318,,f,3,,0,0,,"यसमा एक वर्ष भन्दा बढी आयु भएका सवारी साधन बाहेकको मेसिन तथा मेशिनारी औजारहरुको खरिदको लाग भएका (क) विभिन्न किसिमका भारी मेशिनहरु, खेतिसम्वन्धि मेशिन र औजारहरु, ट्रयाक्टर (ढुवानीको काममा प्रयोग हुने बाहेक), जेनेरेटर ,ट्रान्सफरमर, कारखानाको सामान ,निर्माणसम्वन्धि मेशिन, सञ्चारका सामान, बैज्ञानिक यन्त्र र सामान, नाप तथा तौलको सामान,तस्बिर खिच्ने सामान, प्राबिधिक ड्राफ्टिंगसम्वन्धि सामान, कार्यालय मेशिन र औजारहरु जस्तै फ्याक्स, मिमियोग्राफ, कम्प्युटर, प्रिन्टर आदि मेशिन र औजारको मूल्य (ख) यस्ता मेशिनरी औजारहरुको मुख्य भाग नै बदली मर्मत गर्नु परेमा सोको खर्च (ग) सो सम्वन्धि आवश्यक भाडा, भरौट, शुल्क, कर, भन्सार, मार्गस्थ बिमा आदि खर्चहरु (घ) सरकारी कार्यालयको लागि आवश्यक पर्ने एक वर्ष भन्दा बढी टिकाउ हुन सक्ने वा प्रति इकाई रु ५००० भन्दा बडी मोल पर्ने खालका (अ) अस्पतालका लागि चाहिने औजारहरु (आ) कृषि औजार, पशु चिकित्सकसम्वन्धि सानातिना मालसामान, ड्रइंग, डीसाइन लगायतका प्राबिधिक सामान आदि (इ) हिटर, पखा, बिजुलीको मिटर, यु.पि.एस, हार्ड डिस्क र सोको जडानसम्वन्धि खर्च, र अन्य सानातिना प्राबिधिक सामानहरु सम्वन्धि खर्च समाबेश हुन्छ | तिर प्रति इकाई ५००० रुपैया भन्दा काम मूल्यका सामान खरिद गर्नु परेमा शिर्षक नम्बर कार्यालयसम्वन्धि खर्च  मा खर्च लेख्नु पर्नेछ |",,0,0,,,
321,31130,1,,अन्य पूँजीगत खर्च,t,f,f,f,0,t,,,,,,,f,1,,,,311,,f,3,,0,0,,यसमा अन्य पूँजीगत खर्चहरु समावेश हुन्छन,,0,0,,,
334,31158,1,,सरसफाई संरचना निर्माण,f,f,f,f,0,t,,,,,,,f,1,,,,326,,f,3,,0,0,,"यसमा ढल निकास, सफाई नाला, फोहोरमैला प्रसोधन केन्द्र, डम्पिंग साइट निर्माण तथा सरसफाई संग संवन्धित अन्य पूवाधार निर्माण संग संवन्धित खर्चहरु समावेश गरिन्छ |",,0,0,,,
322,31131,1,,पशुधन तथा बागवानी विकास खर्च,f,f,f,f,0,t,,,,,,,f,1,,,,321,,f,3,,0,0,,"व्यवसायिक रूपले एक भन्दा बढी पटक उत्पादन प्राप्त गर्न सक्ने गरि जीवित पशु पंक्षि पालन गर्ने (प्रजनन, दुग्ध उत्पादन, उन उत्पादन, पशु यातायात) तथा अन्य व्यवसायिक कृषि तथा वनस्पति विकास ( फलफुल, बिउ, बिजन, खोटो, पात, दोहोरिने नगदे बालि) आदिको लागि गरिने स्थिर प्रकृतिको खर्च यसमा पर्दछ |",,0,0,,,
323,31132,1,,कम्प्युटर सफ्टवेयर निर्माण तथा खरिद खर्च एवंम अन्य बौद्धिक सम्पति प्राप्ति खर्च,f,f,f,f,0,t,,,,,,,f,1,,,,321,,f,3,,0,0,,"यसमा सबै प्रकारका सफ्टवेयर निर्माण (परामर्शदाताको खर्च समेत), खरिद र सारभूत रुपमा प्रभाव पार्ने गरि सफ्टवेयर स्तरोन्नति गर्दाको लागत तथा डाटाबेश सम्वन्धि खर्च समाबेश गरिन्छ| बौद्धिक सम्पति अधिकार,अनुसन्धान र विकास, मनोरन्जनात्मक तथा साहित्यिक र कलात्मक कार्यमा गरिने पूँजीगत प्रकृतिको खर्च |",,0,0,,,
324,31140,1,,सुरक्षा उपकरण,t,f,f,f,0,t,,,,,,,f,1,,,,311,,f,3,,0,0,,यसमा सार्बजनिक सुरक्षाका लागि आवश्यक उपकरण सम्वन्धि खर्च समावेश हुन्छ |,,0,0,,,
325,31141,1,,सुरक्षा उपकरण  प्राप्ति खर्च,f,f,f,f,0,t,,,,,,,f,1,,,,324,,f,3,,0,0,,"शान्ति  सुरक्षा प्रयोजनका लागि आवश्यक हातहतियार तथा सुरक्षा उपकरण (सुरक्षा ट्यांक, सैनिक विमान तथा अन्य स्थिर प्रकृतीका सैन्य उपकरण) खरिद सम्वन्धी खर्च यसमा समावेश हुन्छ ।",,0,0,,,
326,31150,1,,सार्बजनिक निर्माण,t,f,f,f,0,t,,,,,,,f,1,,,,311,,f,3,,0,0,,यसमा सार्बजनिक निर्माणसंग संवन्धित खर्चहरु समावेश हुन्छन|,,0,0,,,
327,31151,1,,सडक तथा पुल निर्माण,f,f,f,f,0,t,,,,,,,f,1,,,,326,,f,3,,0,0,,"यसमा नया तथा पुराना कालोपत्रे, खण्डास्मिथ वा ग्राभेल र कच्ची सडक निर्माण सम्वन्धि खर्च र सडक निर्माण प्रत्यक्ष जोडीएका संवन्धित पुल, कल्भर्ट, झोलुंगे पुल, निर्माण र सो संग संवन्धित इन्धन, सुरक्षा लगायतका खर्चहरु समाबेश हुन्छ |",,0,0,,,
328,31152,1,,रेलमार्ग तथा हवाई मैदान निर्माण,f,f,f,f,0,t,,,,,,,f,1,,,,326,,f,3,,0,0,,"यसमा रेलमार्ग तथा हवाई मैदान निर्माण संग संवन्धित खर्च र सो कार्यसंग प्रत्यक्ष संवन्धित इन्धन, सुरक्षा घेरा निर्माणल लगायतका खर्चहरु समाबेश हुन्छन |",,0,0,,,
329,31153,1,,बिद्युत संरचना निर्माण,f,f,f,f,0,t,,,,,,,f,1,,,,326,,f,3,,0,0,,"यसमा बिधुत गृह निर्माण, प्रशारण तथा वितरण प्रणाली निर्माण लगायत बिधुत विकाससंग संवन्धित लागत खर्च र सो संग प्रत्यक्ष संवन्धित इन्धन, सुरक्षा लगायत अन्य समाबेश हुन्छन |",,0,0,,,
330,31154,1,,तटवन्ध तथा बाँध निर्माण,f,f,f,f,0,t,,,,,,,f,1,,,,326,,f,3,,0,0,,"यसमा नदि नियंत्रंका लागि निर्माण गरिने तटवन्ध, बाध तथा भुसन्रक्षणका लागि निर्माण गरिने टेवा पर्खाल निर्माण लगायत सो संग प्रत्यक्ष संवन्धित खर्चहरु समाबेश हुन्छन् |",,0,0,,,
331,31155,1,,सिचाई संरचना निर्माण,f,f,f,f,0,t,,,,,,,f,1,,,,326,,f,3,,0,0,,"यसमा सिचाईका लागि निर्माण गरिने बाध, नहर, कुलो, पैनी, स्यालो तथा दिप ट्युबवेल र सो संग प्रत्यक्ष संवन्धित अध्ययन, अनुसन्धान, इन्धन, सुरक्षा लगायतका खर्चहरु समाबेश हुन्छन |",,0,0,,,
332,31156,1,,खानेपानी संरचना निर्माण,f,f,f,f,0,t,,,,,,,f,1,,,,326,,f,3,,0,0,,"यसमा खानेपानीका लगी रिज्भर्वायर निर्माण, प्रसोधन तथा वितरण प्रणाली निर्माण, पाइप बिचछयाउने, पानिटेकी निर्माण, बोरिंग लगायत सो संग प्रत्यक्ष संवन्धित इन्धन, सुरक्षा लगायतका खर्चहरु समाबेश हुन्छन् |",,0,0,,,
333,31157,1,,वन तथा वातावरण संरक्षण,f,f,f,f,0,t,,,,,,,f,1,,,,326,,f,3,,0,0,,"यसमा नर्सरी स्थापना, वृक्षारोपण, ग्रीन हाउस तथा शेड निर्माण, बायोइन्जिनियरिंग तथा वातावरण सन्रक्षन संग सम्वन्धित खर्चहरु समाबेश गरिन्छ |",,0,0,,,
375,32200,1,,बाह्य वित्तीय सम्पति,t,f,f,f,0,t,,,,,,,f,1,,,,346,,f,2,,0,0,,बाह्य वित्तीय सम्पति यसमा समाबेश हुन्छ |,,0,0,,,
336,31170,1,,पूँजीगत सुधार खर्च,t,f,f,f,0,t,,,,,,,f,1,,,,311,,f,3,,0,0,,यसमा सार्वजनिक निर्माण र पूँजीगत संरचनाको आयु थप हुने गरि गरिने खर्चहरु समावेश गरिन्छ |,,0,0,,,
337,31171,1,,पूँजीगत सुधार खर्च सार्वजनिक निर्माण,f,f,f,f,0,t,,,,,,,f,1,,,,336,,f,3,,0,0,,यसमा सार्वजनिक निर्माण र पूँजीगत संचरनाको आयु थप हुने गरि गरिने खर्चहरु समाबेश गरिन्छ | तर संरचनाको आकार वा लंबाई वा परिमाण नै थप गर्न लाग्ने पूँजीगत निर्माण सम्वन्धि खर्च रकम संकेत न ३११५१ देखि ३११५९ सम्मका खर्च शिर्षक मै समाबेश गर्नु पर्दछ | उदारणको लागि ५० किलोमिटर लामो बिद्यमान सडकमा अरु १० किलोमिटर थप गर्नु पर्ने भएमा यस्तो कार्य गर्न लाग्ने खर्च भने रकम संकेत ३११५१ मा नै समाबेश गर्नु पर्दछ |,,0,0,,,
338,31172,1,,पूँजीगत अनुसन्धान तथा परामर्श,f,f,f,f,0,t,,,,,,,f,1,,,,336,,f,3,,0,0,,"यसमा सार्वजनिक निर्माण संग सम्वन्धित (क) सम्भाव्यता अध्ययन खर्च (ख) सर्वेक्षण, डिजाइन, ड्रेइङ्ग खर्च (ग) अन्वेषण उत्खनन र अनुसन्धानसम्वन्धि खर्च (घ) पूँजीगत निर्माणको लागतमा समावेश हुने प्राविधिक परामर्श सेवासम्वन्धी खर्च तथा अन्य पूँजीगत प्रकृतिका अध्ययन अनुसन्धान तथा परामर्श खर्चहरु समाबेश हुन्छन |",,0,0,,,
339,31400,1,,प्राकृतिक सम्पति (NON- PRODUCED ASSETS),t,f,f,f,0,t,,,,,,,f,1,,,,310,,f,3,,0,0,,यसमा प्राकृतिक रुपमा उपलब्ध सम्पतिहरु प्राप्ति सम्वन्धि खर्चहरु समाबेश हुन्छन | यसमा खर्च लेख्न मिल्दैन |,,0,0,,,
340,31410,1,,जग्गा प्राप्ति,t,f,f,f,0,t,,,,,,,f,1,,,,339,,f,3,,0,0,,यसमा सरकारी प्रयोजनका लागि जग्गा खरिद वा अधिग्रहण गर्दा लाग्ने सम्पूर्ण किसिमका खर्च हरु समाबेस गरिन्छ यसमा खर्च लेख्न मिल्दैन |,,0,0,,,
341,31411,1,,जग्गा प्राप्ति,f,f,f,f,0,t,,,,,,,f,1,,,,340,,f,3,,0,0,,"यसमा जग्गा खरिद वा अधिग्रहण गर्ने सिलसिलामा लाग्ने मोल र सो वापतको मुआब्जा तथा जग्गा प्राप्त गर्दा लाग्ने दस्तुर, कर र अन्य खर्च हरु यस खर्च शिर्सकमा समाबेश गरिन्छ |",,0,0,,,
342,31440,1,,अप्रिष्य सम्पति प्राप्ति खर्च,t,f,f,f,0,t,,,,,,,f,1,,,,339,,f,3,,0,0,,यसमा उपयोगमा आउने तर नदेखिने प्रकारका सम्पति प्राप्तिमा हुने खर्च समावेस हुन्छन | यसमा खर्च लेख्न मिल्दैन |,,0,0,,,
343,31441,1,,लाइसेन्स खरिद/प्राप्ति खर्च,f,f,f,f,0,t,,,,,,,f,1,,,,342,,f,3,,0,0,,"सम्झौता अनुसार भुक्तानी गर्नुपर्ने पूँजीगत प्रकृतिको लाइसेन्स खरिद , नबिकरण वा भुक्तानी सम्वन्धि खर्च तथा अन्य अप्रश्य (intangible) अनुमति सम्वन्धि खर्चहरु यसमा समाबेश गर्नुपर्दछ |",,0,0,,,
344,31500,1,,भैपरी आउने पूँजीगत,t,f,f,f,0,t,,,,,,,f,1,,,,310,,f,3,,0,0,,यसमा पूँजीगत खर्चको बजेट एकमुष्ट रुपमा प्रस्ताव गर्ने प्रयोजनका लागि मात्र यो शिर्षकको प्रस्ताब गरिएको हो | यसमा खर्च लेख्न मिल्दैन |,,0,0,,,
345,31511,1,,भैपरी आउने पूँजीगत,f,f,f,f,0,t,,,,,,,f,1,,,,344,,f,3,,0,0,,पूँजीगत खर्च बजेट तर्जुमा गर्दा किटानीसाथ खर्च शिर्षकमा तोक्ने सम्भब नभएका रकम हरु बजेट तर्जुमा प्रयोजनका लागि मात्रै यसमा प्रस्ताब गर्न सकिनेछ | तर खर्च गर्दा बाडफाड गरि सम्बधित खर्च अन्तर्गत नै पारि खर्च गर्नु पर्दछ | यस शिर्षकबाट खर्च गर्ने गरि अख्तियारी वा निकासी दिन वा खर्च गर्न मिल्दैन |,,0,0,,,
346,32000,1,,वित्तीय सम्पति,t,f,f,f,0,t,,,,,,,f,1,,,,,,f,2,,0,0,,यस अन्तर्गतका संकेतहरुले सरकारी ऋण तथा लगानीको साथै स्वदेशी तथा वैदेसिक ऋण प्राप्ति र ऋणको साँवा भुक्तानीको अवास्थालाई चित्रण गर्दछ |,,0,0,,,
376,33000,1,,दायित्व,t,f,f,f,0,t,,,,,,,f,1,,,,,,f,4,,0,0,,सरकारको आन्तरिक तथा बाह्य वित्तीय दायित्वको रकम समाबेश गरिन्छ |,,0,0,,,
347,32100,1,,आन्तरिक वित्तीय सम्पति,t,f,f,f,0,t,,,,,,,f,1,,,,346,,f,2,,0,0,,"यसमा तिनै तहका सरकारबाट गरिने आन्तरिक वित्तीय सम्पतिका लागि , देशभित्रै हुने ऋण तथा शेयर लगानी सम्वन्धि रकम समाबेश गरिन्छ |",,0,0,,,
354,32132,1,,उपभोक्ता समितिलाई पेश्की,f,f,f,f,0,t,,,,,,,f,1,,,,352,,f,2,,0,0,,,,0,0,,,
355,32133,1,,वडा कार्यालयलाई पेश्की,f,f,f,f,0,t,,,,,,,f,1,,,,352,,f,2,,0,0,,,,0,0,,,
356,32134,1,,पदाधिकारीलाई व्यक्तिगत पेश्की,f,f,f,f,0,t,,,,,,,f,1,,,,352,,f,2,,0,0,,,,0,0,,,
357,32135,1,,पदाधिकारीलाई कार्यक्रम पेश्की,f,f,f,f,0,t,,,,,,,f,1,,,,352,,f,2,,0,0,,,,0,0,,,
358,32136,1,,कर्मचारीलाई व्यक्तिगत पेश्की,f,f,f,f,0,t,,,,,,,f,1,,,,352,,f,2,,0,0,,,,0,0,,,
359,32137,1,,कर्मचारीलाई कार्यक्रम पेश्की,f,f,f,f,0,t,,,,,,,f,1,,,,352,,f,2,,0,0,,,,0,0,,,
360,32138,1,,अन्य पेश्की,f,f,f,f,0,t,,,,,,,f,1,,,,352,,f,2,,0,0,,,,0,0,,,
361,32140,1,,खुद ऋण लगानी,t,f,f,f,0,t,,,,,,,f,1,,,,347,,f,2,,0,0,,यसमा तिन तहका सरकारले देशभित्र गर्ने ऋण लगानी सरकारले विगतमा गरेको ऋण लगानिहरुबाट साँवा फिर्ता प्राप्त रकम समायोजन गर्दा हुन् आउने खुद अंक उल्लेख गरिन्छ ।,,0,0,,,
362,32141,1,,आन्तरिक ऋण लगानी,f,f,f,f,0,t,,,,,,,f,1,,,,361,,f,2,,0,0,,आन्तरिक रुपमा अन्य सरकारलाई प्रदान गरिने ऋण यसमा पर्दछ |,,0,0,,,
363,32142,1,,सार्वजनिक संस्थानमा ऋण लगानी,f,f,f,f,0,t,,,,,,,f,1,,,,361,,f,2,,0,0,,आन्तरिक रुपमा सार्वजनिक सस्थानालाई प्रदान गरिने ऋण यसमा समावेश गरिन्छ |,,0,0,,,
364,32143,1,,अन्य संस्थामा ऋण लगानी,f,f,f,f,0,t,,,,,,,f,1,,,,361,,f,2,,0,0,,माथि उल्लेख भए बाहेकका अन्य ऋण लगानी यसमा पर्दछन |,,0,0,,,
365,32147,1,,आन्तरिक ऋण लगानी फिर्ता (-),f,f,f,f,0,t,,,,,,,f,1,,,,361,,f,2,,0,0,,आन्तरिक रुपमा अन्य सरकारलाई प्रदान ऋणको साँवा फिर्ता यसमा पर्दछ |,,0,0,,,
366,32148,1,,संस्थानबाट ऋण लगानी फिर्ता (-),f,f,f,f,0,t,,,,,,,f,1,,,,361,,f,2,,0,0,,आन्तरिक रुपमा सार्वजनिक सस्थानालाई प्रदान ऋणको साँवा फिर्ता यसमा समाबेश गरिन्छ,,0,0,,,
367,32149,1,,अन्य संस्थाबाट ऋण लगानी फिर्ता (-),f,f,f,f,0,t,,,,,,,f,1,,,,361,,f,2,,0,0,,माथि उल्लेख भए बाहेकका अन्य ऋणको साँवा फिर्ता यसमा गर्दछन |,,0,0,,,
368,32150,1,,खुद शेयर लगानी,t,f,f,f,0,t,,,,,,,f,1,,,,347,,f,2,,0,0,,सरकारले विभिन्न संस्थामा गरेको शेयर लगानीको खुद रकम यसमा समाबेश हुन्छ |,,0,0,,,
369,32151,1,,संस्थानमा शेयर लगानी,f,f,f,f,0,t,,,,,,,f,1,,,,368,,f,2,,0,0,,संस्थानमा गरिएको शेयर लगानी यसमा पर्दछ |,,0,0,,,
370,32152,1,,अन्य संस्थामा शेयर लगानी,f,f,f,f,0,t,,,,,,,f,1,,,,368,,f,2,,0,0,,अन्य संस्थामा गरिएको लगानी यसमा पर्दछ |,,0,0,,,
371,32156,1,,संस्थानमा शेयर लगानी फिर्ता (-),f,f,f,f,0,t,,,,,,,f,1,,,,368,,f,2,,0,0,,संस्थामा गरिएको शेयर लगानी यसमा पर्दछ |,,0,0,,,
372,32157,1,,संस्थानमा शेयर लगानी बिक्रि (-),f,f,f,f,0,t,,,,,,,f,1,,,,368,,f,2,,0,0,,संस्थानमा गरिएको शेयर लगानी बिक्रि लगानी यसमा पर्दछ |,,0,0,,,
373,32158,1,,अन्य संस्थामा शेयर लगानी फिर्ता(-),f,f,f,f,0,t,,,,,,,f,1,,,,368,,f,2,,0,0,,अन्य सस्थानमा गरिएको शेयर लगानी फिर्ता यसमा पर्दछ |,,0,0,,,
374,32159,1,,अन्य संस्थामा शेयर लगानी बिक्रि(-),f,f,f,f,0,t,,,,,,,f,1,,,,368,,f,2,,0,0,,अन्य संस्थानमा गरिएको शेयर लगानी बिक्रि रकम यसमा पर्दछ |,,0,0,,,
417,33320,1,,अन्य भुक्तानीबाट हुने कट्टी,t,f,f,f,0,t,,,,,,,f,1,,,,409,,f,4,,0,0,,,,0,0,,,
392,33165,1,,पदयात्रा रोयल्टी बाँडफाँड,f,f,f,f,0,t,,,,,,,f,1,,,,387,,f,4,,0,0,,पदयात्राबाट प्राप्त हुने रोयल्टी बाँडफाँड  गरिएको रकम यसमा समाबेश गर्नु पर्दछ |,,0,0,,,
378,33150,1,,"बाँडफाँड हुने रोयल्टी, शुल्क,रजिष्ट्रेशन तथा अन्य प्रशासनिक सेवा शुल्क संकलन",t,f,f,f,0,t,,,,,,,f,1,,,,377,,f,4,,0,0,,"यसमा सरकारका विभिन्न तहहरुबिच बांडफांड हुने रोयल्टी, शुल्क,रजिष्ट्रेशन तथा अन्य राजस्वको संकलित रकम समाबेश गरिन्छ |",,0,0,,,
394,33167,1,,घरजग्गा रजिस्ट्रेशन दस्तुर बाँडफाँड,f,f,f,f,0,t,,,,,,,f,1,,,,387,,f,4,,0,0,,सरकारका तह हरुबिच बाँडफाँड  हुने गरि संकलित घरजग्गा रजिस्ट्रेशन शुल्कको बाँडफाँड हुने रकम यसमा समावेश हुन्छ |,,0,0,,,
379,33151,1,,वन रोयल्टी संकलन,f,f,f,f,0,t,,,,,,,f,1,,,,378,,f,4,,0,0,,"वन तथा वन पैदावार बिक्रि वाफत प्राप्त आय,लकडी लिलाम बिक्रि , वन्यजन्तु सम्वन्धि आम्दानी, चरी चराइ दस्तुर, वन्यजन्तु आरक्ष, निकुन्ज संरक्षण क्षेत्रको प्रवेश शुल्क,चिडियाखाना प्रवेश शुल्क, वनस्पतिसम्वन्धि अन्य आम्दानी, नहर वरिपरीको घाँस बिक्रि र सो सम्वन्धि दण्ड, जरिवाना वाफत आदिबाट प्राप्त रकम र वन क्षेत्रको रोयल्टी यसमा पर्दछ |",,0,0,,,
380,33152,1,,खानी रोयल्टी संकलन,f,f,f,f,0,t,,,,,,,f,1,,,,378,,f,4,,0,0,,"खानी खोद्रे अनुमति पत्र दस्तुर, सर्वेक्षण दस्तुर, आयोजना (प्रोजेक्ट) लाई ढुंगा बिक्रि गर्दा आएको रकम, खानीको रोयल्टी, खानीमा जाने गाडी तथा गाडी आवत जावतको इजाजत पत्र बाफत प्राप्त हुने रकम यसमा पर्दछ |",,0,0,,,
381,33153,1,,जलस्रोत रोयल्टी संकलन,f,f,f,f,0,t,,,,,,,f,1,,,,378,,f,4,,0,0,,"जलस्रोत क्षेत्रबाट प्राप्त रोयल्टी, विधुत उत्पादन शुल्क, विधुत उत्पादन इजाजत-पत्र  दस्तुर र नवीकरण दस्तुर विधुत उत्पादन, प्रसारण र वितरणको सर्वेक्षण अनुमति पत्र दस्तुर तथा सोको नवीकरण दस्तुर, विधुत बिक्रि, आयोजना बिक्रि, जलस्रोतसम्वन्धि सम्पूर्ण आय र सो सम्वन्धि दण्ड जरिवाना बाफत प्राप्त रकम यसमा पर्दछ |",,0,0,,,
382,33154,1,,पर्वतारोहण रोयल्टी संकलन,f,f,f,f,0,t,,,,,,,f,1,,,,378,,f,4,,0,0,,पर्वतारोहण इजाजत वाफत प्राप्त हुने रोयल्टी रकम यसमा समाबेश पर्दछ |,,0,0,,,
383,33155,1,,पदयात्रा रोयल्टी संकलन,f,f,f,f,0,t,,,,,,,f,1,,,,378,,f,4,,0,0,,पदयात्रा (ट्रेकिंग) इजाजत वाफत प्राप्त हुने दस्तुर/रोयल्टी रकम यसमा समावेश गर्नु पर्दछ |,,0,0,,,
384,33156,1,,पर्यटन सेवा शुल्क/रोयल्टी संकलन,f,f,f,f,0,t,,,,,,,f,1,,,,378,,f,4,,0,0,,"पर्यटकले लिएर आएको हातहतियारको अस्थायी अनुमति(लाइसेन्स) दस्तुर, वृतचित्र खिच्ने दस्तुर, चलचित्र निर्माण र खिच्ने शुल्क लगायतका अन्य पर्यटन सम्वन्धि सेवा शुल्कबाट प्राप्त हुने रोयल्टी रकम यसमा समाबेश गर्नु पर्दछ |",,0,0,,,
385,33157,1,,घर जग्गा रजिष्ट्रेशन दस्तुर संकलन,f,f,f,f,0,t,,,,,,,f,1,,,,378,,f,4,,0,0,,सरकारका तहहरुबीच बांडफांड हुने गरि निर्धारित घरजग्गा रजिस्ट्रेसन शुल्क यसमा समाबेश हुन्छ |,,0,0,,,
386,33158,1,,सवारी साधन कर संकलन,f,f,f,f,0,t,,,,,,,f,1,,,,378,,f,4,,0,0,,सरकारका तहहरुबीच बांडफांड हुने गरि तोकिएको सवारी साधनमा लाग्ने कार तथा शुल्क यसमा समावेश हुन्छ |,,0,0,,,
387,33160,1,,"रोयल्टी,शुल्क, रजिष्ट्रेशन, तथा अन्य प्रशासनिक सेवा बाँडफाँड",t,f,f,f,0,t,,,,,,,f,1,,,,377,,f,4,,0,0,,"यसमा सरकारका विभिन्न तहहरुबिच बांडफांड भएको रोयल्टी, शुल्क, रजिष्ट्रेशन तथा अन्य राजस्वको रकम समावेश हुन्छ |",,0,0,,,
388,33161,1,,वन रोयल्टी बाँडफाँड,f,f,f,f,0,t,,,,,,,f,1,,,,387,,f,4,,0,0,,वन क्षेत्रबाट प्राप्त हुने रोयल्टी बाँडफाँड  गरिएको रकम यसमा समाबेश गर्नु पर्दछ |,,0,0,,,
389,33162,1,,खानी रोयल्टी बाँडफाँड,f,f,f,f,0,t,,,,,,,f,1,,,,387,,f,4,,0,0,,खानी क्षेत्रबाट प्राप्त हुने रोयल्टी बाँडफाँड  गरिएको रकम यसमा समाबेश गर्नु पर्दछ |,,0,0,,,
390,33163,1,,जलस्रोत रोयल्टी बाँडफाँड,f,f,f,f,0,t,,,,,,,f,1,,,,387,,f,4,,0,0,,जलस्रोत क्षेत्रबाट प्राप्त हुने रोयल्टी बाँडफाँड  गरिएको रकम यसमा समाबेश गर्नु पर्दछ |,,0,0,,,
391,33164,1,,पर्वतरोहण रोयल्टी बाँडफाँड,f,f,f,f,0,t,,,,,,,f,1,,,,387,,f,4,,0,0,,पर्वतरोहणबाट प्राप्त हुने रोयल्टी बाँडफाँड  गरिएको रकम यसमा समाबेश गर्नु पर्दछ |,,0,0,,,
418,33321,1,,अग्रीम आयकर (व्यक्तिगत वा एकलौटी फर्म-11111),f,f,f,f,0,t,,,,,,,f,1,,,,417,,f,4,,0,0,,,,0,0,,,
393,33166,1,,पर्यटन सेवा शुल्क रोयल्टी बाँडफाँड,f,f,f,f,0,t,,,,,,,f,1,,,,387,,f,4,,0,0,,पर्यटन सेवा शुल्कबाट प्राप्त हुने रोयल्टी बाँडफाँड  गरिएको रकम यसमा समाबेश गर्नु पर्दछ |,,0,0,,,
395,33168,1,,सवारी साधन कर बाँडफाँड,f,f,f,f,0,t,,,,,,,f,1,,,,387,,f,4,,0,0,,सरकारका तहहरुबिच बांडफांड हुने गरि तोकिएको सवारी साधनमा लागेको कर  बाँडफाँड  हुने रकम यसमा समाबेश हुन्छ |,,0,0,,,
396,33190,1,,खुद आन्तरिक ऋण,t,f,f,f,0,t,,,,,,,f,1,,,,377,,f,4,,0,0,,यसमा संघिय सरकारले गरेको आन्तरिक ऋण प्राप्ति र आन्तरिक ऋणको साँवा भुक्तानीको खुद रकम समाबेश हुन्छ |,,0,0,,,
397,33191,1,,ऋणपत्र मार्फत प्राप्त ऋण,f,f,f,f,0,t,,,,,,,f,1,,,,396,,f,4,,0,0,,"यसमा ट्रेजरी बिल, बचत ऋणपत्र, विकास ऋणपत्र लगाएतका विभिन्न ऋणपत्रमार्फत प्राप्त ऋण यसमा पर्दछ |",,0,0,,,
398,33192,1,,अन्य आन्तरिक सरकारबाट प्राप्त ऋण,f,f,f,f,0,t,,,,,,,f,1,,,,396,,f,4,,0,0,,यसमा आन्तरिक रुपमा सरकारबाट प्राप्त ऋण पर्दछ |,,0,0,,,
399,33193,1,,अन्य संस्थाबाट ऋण प्राप्ति,f,f,f,f,0,t,,,,,,,f,1,,,,396,,f,4,,0,0,,यसमा आन्तरिक रुपमा विभिन्न वित्तीय तथा अन्य संस्थाहरुबाट प्राप्त ऋण पर्दछ |,,0,0,,,
400,33194,1,,अधिविकर्ष (overdraft),f,f,f,f,0,t,,,,,,,f,1,,,,396,,f,4,,0,0,,यसमा अधिविकर्षका माध्यमद्वारा प्राप्त छोटो समयको ऋण यसमा पर्दछ |,,0,0,,,
401,33195,1,,ऋणपत्र मार्फत प्राप्त ऋण साँवा भुक्तानी,f,f,f,f,0,t,,,,,,,f,1,,,,396,,f,4,,0,0,,"यसमा ट्रेजरी बिल, बचत ऋणपत्र, विकास ऋणपत्र लगाएतका विभिन्न ऋणपत्रमार्फत प्राप्त ऋण साँवा भुक्तानी यसमा पर्दछ |",,0,0,,,
402,33196,1,,अन्य आन्तरिक सरकारबाट प्राप्ति ऋण साँवा भुक्तानी,f,f,f,f,0,t,,,,,,,f,1,,,,396,,f,4,,0,0,,यसमा आन्तरिक रुपमा विभिन्न वित्तीय तथा अन्य संस्थाहरुबाट प्राप्त ऋण साँवा भुक्तानी पर्दछ |,,0,0,,,
403,33197,1,,अन्य संस्थाबाट ऋण प्राप्ति साँवा भुक्तानी,f,f,f,f,0,t,,,,,,,f,1,,,,396,,f,4,,0,0,,यसमा आन्तरिक रुपमा विभिन्न वित्तीय तथा अन्य संस्थाहरुबाट प्राप्त ऋण साँवा भुक्तानी पर्दछ |,,0,0,,,
404,33198,1,,अधिविकर्ष (overdraft) भुक्तानी,f,f,f,f,0,t,,,,,,,f,1,,,,396,,f,4,,0,0,,यसमा अधिविकर्षका माध्यमद्वारा प्राप्त छोटो समयको ऋण भुक्तानी यसमा पर्दछ |,,0,0,,,
405,33200,1,,बाह्य वित्तीय दायित्व,t,f,f,f,0,t,,,,,,,f,1,,,,376,,f,4,,0,0,,यसमा सरकारको बाह्य वित्तीय दायित्वको रकम समाबेश हुन्छ |,,0,0,,,
406,33240,1,,खुद वैदेशिक ऋण,t,f,f,f,0,t,,,,,,,f,1,,,,405,,f,4,,0,0,,यसमा सरकारको खुद वैदेशिक ऋण रकम समावेश हुन्छ |,,0,0,,,
407,33241,1,,वैदेशिक ऋणको प्राप्ति,f,f,f,f,0,t,,,,,,,f,1,,,,406,,f,4,,0,0,,यसमा  वैदेशिक स्रोतबाट प्राप्त गरिने ऋण समाबेश गरिन्छ |,,0,0,,,
408,33242,1,,वैदेशिक ऋण साँवा भुक्तानी(-),f,f,f,f,0,t,,,,,,,f,1,,,,406,,f,4,,0,0,,यसमा  वैदेशिक स्रोतबाट प्राप्त गरिने ऋणको वैदेशिक ऋण साँवा भुक्तानी समाबेश गरिन्छ |,,0,0,,,
409,33300,1,,भुक्तानीबाट कट्टी हुने विभिन्न कट्टी,t,f,f,f,0,t,,,,,,,f,1,,,,376,,f,4,,0,0,,,,0,0,,,
410,33310,1,,तलब भत्ता भुक्तानीबाट हुने कट्टी,t,f,f,f,0,t,,,,,,,f,1,,,,409,,f,4,,0,0,,,,0,0,,,
411,33311,1,,संचयकोष कट्टिको हिसाव,f,f,f,f,0,t,,,,,,,f,1,,,,410,,f,4,,0,0,,,,0,0,,,
412,33312,1,,नागरिक लगानी कोष कट्टिको हिसाव,f,f,f,f,0,t,,,,,,,f,1,,,,410,,f,4,,0,0,,,,0,0,,,
413,33313,1,,पारिश्रमिक कर कट्टिको हिसाव (११११२),f,f,f,f,0,t,,,,,,,f,1,,,,410,,f,4,,0,0,,,,0,0,,,
414,33314,1,,संचयकोष सापटी कट्टिको हिसाब,f,f,f,f,0,t,,,,,,,f,1,,,,410,,f,4,,0,0,,,,0,0,,,
423,33400,1,,सापटी खाता,t,f,f,f,0,t,,,,,,,f,1,,,,376,,f,4,,0,0,,,,0,0,,,
424,33500,1,,गत वर्षको बजेट खर्च हिसाव,t,f,f,f,0,t,,,,,,,f,1,,,,376,,f,4,,0,0,,,,0,0,,,
425,33510,1,,गत वर्षको बजेट खर्च हिसाव,t,f,f,f,0,t,,,,,,,f,1,,,,424,,f,4,,0,0,,,,0,0,,,
427,33326,1,,ठेक्कापट्टा/परामर्श/निर्माण धरौटी,f,f,f,f,0,t,,,,,,,f,1,,,,417,,f,4,,0,0,,,,0,0,,,
428,33327,1,, नक्सापास धरौटी,f,f,f,f,0,t,,,,,,,f,1,,,,417,,f,4,,0,0,,,,0,0,,,
429,33328,1,,अन्य धरौटी,f,f,f,f,0,t,,,,,,,f,1,,,,417,,f,4,,0,0,,,,0,0,,,
7,11313,1,Property Tax,सम्पत्ति कर,f,f,f,f,0,t,,,,,,,f,1,,,,4,,f,1,,0,0,,"कुनै व्यक्ति वा संस्थाको एकिकृत रुपमा मूल्याङ्कन गरिएको सम्पति (जग्गा, घर, तथा अन्य) मा लाग्ने कर  यसमा पर्दछन | यसमा शेयर, बौद्धिक सम्पति, गूडबिल, patent,right,copy right) लगायतका सम्पूर्ण अभौतिक सम्पतिहरु तथा अन्य भौतिक सम्पतिहरुको बजार मुल्यमा  मूल्याङ्कन गरि कुल मूल्याङ्कनमा वार्षिक रुपमा लगाईने कर पर्दछन |",,0,0,,,
432,new_unmapp_expences,1,,new unmapp expences Account ,f,f,f,f,0,t,,,,,,,f,1,,,,136,,f,3,,0,0,,new unmapp expences,,0,0,,,
433,old_unmapp_expences,1,,old unmapp expences Account,f,f,f,f,0,t,,,,,,,f,1,,,,136,,f,3,,0,0,,new unmapp expences,,0,0,,,
434,new_unmapp_liabilities,1,,new unmapp Liabilities Account ,f,f,f,f,0,t,,,,,,,f,1,,,,376,,f,4,,0,0,,new unmapp Liabilities,,0,0,,,
435,old_unmapp_liabilities,1,,old unmapp Liabilities Account,f,f,f,f,0,t,,,,,,,f,1,,,,376,,f,4,,0,0,,new unmapp Liabilities,,0,0,,,
436,new_unmapp_assests,1,,new unmapp Assests Account ,f,f,f,f,0,t,,,,,,,f,1,,,,309,,f,2,,0,0,,new unmapp Assests,,0,0,,,
437,old_unmapp_assests,1,,old unmapp Assests Account,f,f,f,f,0,t,,,,,,,f,1,,,,309,,f,2,,0,0,,new unmapp Assests,,0,0,,,
431,old_unmapp_income,1,,old unmapp income Account,f,f,f,f,0,t,,,,,,,t,1,,,,1,,f,1,,0,0,,new unmapp income,,0,0,,,
3212,13410,1,,अन्य आन्तरिक अनुदान,f,t,f,f,0,t,,,,,,,f,1,,,,3211,,f,1,,0,0,,,,0,0,,,
3213,13411,1,,अन्य संस्थागत आन्तरिक अनुदान,f,t,f,f,0,t,,,,,,,f,1,,,,3212,,f,1,,0,0,,,,0,0,,,
3214,13412,1,,अन्य व्यक्तिगत आन्तरिक अनुदान,f,t,f,f,0,t,,,,,,,f,1,,,,3212,,f,1,,0,0,,,,0,0,,,
3215,14153,1,,बाँडफाँड भई प्राप्त वन रोयल्टी,f,t,f,f,0,t,,,,,,,f,1,,,,78,,f,1,,0,0,,,,0,0,,,
3222,14253,1,,व्यवसाय रजिष्ट्रेशन दस्तुर,f,t,f,f,0,t,,,,,,,f,1,,,,3221,,f,1,,0,0,,,,0,0,,,
3223,14254,1,,रेडियो/ एफ.एम संञ्चालन दस्तुर,f,t,f,f,0,t,,,,,,,f,1,,,,3221,,f,1,,0,0,,,,0,0,,,
3216,14154,1,,बाँडफाँड भई प्राप्त खानी तथा खनिज सम्बन्धी रोयल्टी,f,t,f,f,0,t,,,,,,,f,1,,,,78,,f,1,,0,0,,,,0,0,,,
3217,14155,1,,बाँडफाँड भई प्राप्त जलस्रोत सम्बन्धी रोयल्टी,f,t,f,f,0,t,,,,,,,f,1,,,,78,,f,1,,0,0,,,,0,0,,,
24,11451,1,,सवारी साधन कर (साना सवारी),f,f,f,f,0,t,,,,,,,f,1,,,,23,,f,1,,0,0,,तोकिएको सवारी साधनमा तोकिएबमोजिम लाग्ने कर यसमा पर्दछ |,,0,0,,,
26,11470,1,,मनोरञ्जन तथा विज्ञापन कर,t,f,f,f,0,t,,,,,,,f,1,,,,14,,f,1,,0,0,,मनोरञ्जन संग सम्वन्धित व्यवसायमा लाग्ने कर यसमा पर्दछ |यसमा रकम जम्मा गर्न मिल्दैन |,,0,0,,,
27,11471,1,,बाँडफाँडबाट प्राप्त हुने मनोरञ्जन कर,f,f,f,f,0,t,,,,,,,f,1,,,,26,,f,1,,0,0,,सिनेमा/डकुमेन्ट्री आदि तयार र प्रर्दशन गर्नका लागि स्थानीय सरकारमा लाग्ने सबै प्रकारका कर यसमा पर्दछ |,,0,0,,,
28,11472,1,,बाँडफाँडबाट प्राप्त हुने विज्ञापन कर,f,f,f,f,0,t,,,,,,,f,1,,,,26,,f,1,,0,0,,"बिज्ञापन, होर्डिंग बोर्ड आदिमा लाग्ने कर यसमा पर्दछ | माध्यमबाट हुने विज्ञापन सम्वन्धि सबै प्रकारका समावेश हुनेछ |",,0,0,,,
35,11621,1,,व्यवसाय बाहेक अन्यले  भुक्तानी गर्ने,f,f,f,f,0,t,,,,,,,f,1,,,,34,,f,1,,0,0,,"सवारी चालक अनुमति पत्रको इजाजत पत्र दस्तुर, सवारीको दर्ता किताब (ब्लु बुक) दस्तुर , हवाइजहाज चालक अनुमति पत्रको इजाजत पत्र दस्तुर, सवारी जाँचपास दस्तुर र सोको नवीकरण दस्तुर यसमा पर्दछ |",,0,0,,,
49,13211,1,,अन्तर्राष्ट्रिय अन्तर -सरकारी संस्थाहरुबाट प्राप्त चालु अनुदान,f,f,f,f,0,t,,,,,,,f,1,,,,48,,f,1,,0,0,,अन्तर-सरकारी अन्तर्राष्ट्रिय संस्थाहरुबाट प्राप्त चालु अनुदान यसमा समाबेश गरिन्छ |,,0,0,,,
50,13212,1,,अन्तर्राष्ट्रिय गैह्र -सरकारी संस्थाहरुबाट प्राप्त चालु अनुदान,f,f,f,f,0,t,,,,,,,f,1,,,,48,,f,1,,0,0,,अन्तर-सरकारी अन्तर्राष्ट्रिय संस्थाहरुबाट प्राप्त पूँजीगत अनुदान यसमा समाबेश गरिन्छ |,,0,0,,,
52,13221,1,,अन्तर्राष्ट्रिय अन्तर-सरकारी संस्थाहरुबाट प्राप्त पूँजीगत अनुदान,f,f,f,f,0,t,,,,,,,f,1,,,,51,,f,1,,0,0,,अन्तर-सरकारी अन्तर्राष्ट्रिय संस्थाहरुबाट प्राप्त चालु अनुदान यसमा समाबेश गरिन्छ |,,0,0,,,
53,13222,1,,अन्तर्राष्ट्रिय गैर -सरकारी संस्थाहरुबाट प्राप्त पूँजीगत अनुदान,f,f,f,f,0,t,,,,,,,f,1,,,,51,,f,1,,0,0,,गैर-सकारी अन्तर्राष्ट्रिय संस्थाहरुबाट प्राप्त पूँजीगत अनुदान यसमा समाबेश गरिन्छ |,,0,0,,,
57,13312,1,,शसर्त अनुदान चालु,f,f,f,f,0,t,,,,,,,f,1,,,,55,,f,1,,0,0,,शसर्त सहित एक सरकारबाट अर्को सरकारमा प्राप्त हुने चालु अनुदान यसमा पर्दछ |,,0,0,,,
58,13313,1,,शसर्त अनुदान पूँजीगत,f,f,f,f,0,t,,,,,,,f,1,,,,55,,f,1,,0,0,,बिशेष उदेश्य वा प्रयोजनका लागि प्रदान गरिने बिशेष चालु अनुदान यसमा पर्दछ |,,0,0,,,
59,13314,1,,विशेष अनुदान चालु,f,f,f,f,0,t,,,,,,,f,1,,,,55,,f,1,,0,0,,अन्य सरकारबाट प्राप्त गरिने समपुरक चालु अनुदान यसमा पर्दछ |,,0,0,,,
60,13315,1,,विशेष अनुदान पूँजीगत,f,f,f,f,0,t,,,,,,,f,1,,,,55,,f,1,,0,0,,सरकारका अन्य तहबाट माथि उल्लेखित बाहेकका कुनै अन्य प्रकारका अनुदान प्राप्त भएमा यस्तो रकम यसमा समाबेश गरिन्छ |,,0,0,,,
98,14217,1,,नहर तथा कुलो उपयोग वापतको शुल्क,f,f,f,f,0,t,,,,,,,f,1,,,,93,,f,1,,0,0,,जग्गा जमीनको सिँचाइको लागि नहर तथा कुलोको उपयोग गरे वापत् तोकिएबमोजिम प्राप्त शुल्क यसमा पर्दछ ।,,0,0,,,
132,15000,1,,विविध प्राप्ति,t,f,f,f,0,t,,,,,,,f,1,,,,1,,f,1,,0,0,,बेरुजु कायम भएको राजश्व बाहेकको रकम असुल उपर भई प्राप्त हुँदा यसमा समावेश गरिन्छ ।,,0,0,,,
133,15100,1,,विविध प्राप्ति,t,f,f,f,0,t,,,,,,,f,1,,,,132,,f,1,,0,0,,बेरुजु कायम भएको राजश्व बाहेकको रकम असुल उपर भई प्राप्त हुँदा यसमा समावेश गरिन्छ ।,,0,0,,,
134,15110,1,,विविध प्राप्ति,t,f,f,f,0,t,,,,,,,f,1,,,,133,,f,1,,0,0,,बेरुजु कायम भएको राजश्व बाहेकको रकम असुल उपर भई प्राप्त हुँदा यसमा समावेश गरिन्छ ।,,0,0,,,
5,11311,1,,व्यक्तिगत सम्पत्तिमा लाग्ने कर,f,f,f,f,0,t,,,,,,,t,1,,,,4,,f,1,,0,0,,व्यक्तिगत स्वामित्वमा रहेको सम्पत्तिमा वार्षिक रुपमा लाग्ने कर यसमा पर्दछ ।,,0,0,,,
6,11312,1,,संस्थागत सम्पत्तिमा लाग्ने वार्षिक कर,f,f,f,f,0,t,,,,,,,t,1,,,,4,,f,1,,0,0,,संस्थागत स्वामित्वमा रहको सम्पत्तिमा वार्षिक रुपमा लाग्ने कर यसमा पर्दछ ।,,0,0,,,
19,11440,1,,विशेष सेवामा लाग्ने कर,t,f,f,f,0,t,,,,,,,t,1,,,,17,,f,1,,0,0,,तोकिएको विशेष सेवामा लाग्ने कर वापतको रकम यसमा पर्दछ | यसमा रकम जम्मा गर्न मिल्दैन |,,0,0,,,
20,11442,1,,स्वास्थ्य सेवा कर,f,f,f,f,0,t,,,,,,,t,1,,,,17,,f,1,,0,0,,सरकार तथा सामुदायिक अस्पतालले प्रदान गर्ने स्वास्थ्य  सेवा बाहेक अन्य स्वास्थ्य संस्थाले प्रदान गर्ने स्वास्थ्य सेवामा लाग्ने कर यसमा पर्दछ |,,0,0,,,
21,11443,1,,शिक्षा सेवा शुल्क-निजि शैक्षिक,f,f,f,f,0,t,,,,,,,t,1,,,,17,,f,1,,0,0,,निजि शैक्षिक सस्थाले प्रदान गर्ने तोकिएका शैक्षिक सेवाहरुमा लाग्ने शिक्षा सेवा शुल्क यसमा पर्दछ |,,0,0,,,
22,11444,1,,शिक्षा सेवा शुल्क-वैदेशिक अध्ययन,f,f,f,f,0,t,,,,,,,t,1,,,,17,,f,1,,0,0,,विदेशमा अध्ययन गर्न जाने विधार्थीहरुले बुजाउनु पर्ने शिक्षण शुल्कमा लाग्ने सेवा शुल्क वाफतको रकम यसमा पर्दछ |,,0,0,,,
33,11614,1,,रेडियो/ एफ.एम संञ्चालन दस्तुर,f,f,f,f,0,t,,,,,,,t,1,,,,31,,f,1,,0,0,,रेडियो/ एफ.एम संञ्चालनका लागि अनुमति पत्र तथा सोको नवीकरण दस्तुर र सो संग सम्वन्धित अन्य दस्तुरहरु यसमा पर्दछन् |,,0,0,,,
61,13320,1,,अन्तरसरकारी पूँजीगत अनुदान,t,f,f,f,0,t,,,,,,,t,1,,,,54,,f,1,,0,0,,आन्तरिक रुपमा अन्य सरकारबाट प्राप्त हुने पूँजीगत अनुदान यसमा पर्दछ | यसमा रकम जम्मा गर्न मिल्दैन |,,0,0,,,
62,13321,1,,शसर्त पूँजीगत अनुदान,f,f,f,f,0,t,,,,,,,t,1,,,,61,,f,1,,0,0,,सर्त सहित एक सरकारबाट अर्को सरकारमा प्राप्त हुने पूँजीगत अनुदान यसमा पर्दछ |,,0,0,,,
63,13322,1,,विषेश पूँजीगत अनुदान,f,f,f,f,0,t,,,,,,,t,1,,,,61,,f,1,,0,0,,विषेश उदेश्य वा प्रयोजनका लागि प्रदान गरिने  विषेश पूँजीगत अनुदान यसमा पर्दछ,,0,0,,,
82,14170,1,,राजस्व बाँडफाँडबाट प्राप्त आय,t,f,f,f,0,t,,,,,,,t,1,,,,65,,f,1,,0,0,,बाँडफाँड भइ प्राप्त हुने विभिन्न प्रकारका राजस्व यसमा पर्दछन | यसमा रकम जम्मा गर्न मिल्दैन |,,0,0,,,
3218,14156,1,,बाँडफाँड भई प्राप्त विद्युत सम्बन्धी रोयल्टी,f,t,f,f,0,t,,,,,,,f,1,,,,78,,f,1,,0,0,,,,0,0,,,
3219,14157,1,,बाँडफाँड भई प्राप्त दहत्तर बहत्तरको विक्रीबाट प्राप्त हुने रोयल्टी,f,t,f,f,0,t,,,,,,,f,1,,,,78,,f,1,,0,0,,,,0,0,,,
3220,14158,1,,बाँडफाँड भई प्राप्त पर्वतारोहण वापतको रोयल्टी,f,t,f,f,0,t,,,,,,,f,1,,,,78,,f,1,,0,0,,,,0,0,,,
3221,14250,1,,अन्य प्रशासनिक दस्तुरहरू,f,t,f,f,0,t,,,,,,,f,1,,,,92,,f,1,,0,0,,,,0,0,,,
83,14171,1,,वन रोयल्टी,f,f,f,f,0,t,,,,,,,t,1,,,,82,,f,1,,0,0,,"वन तथा पैदावार बिक्रि वापत आय, लकडी लिलाम बिक्रि, वन्यजन्तु सम्वन्धि आम्दानी, चरी चराइ दस्तुर, वन्यजन्तु आरक्ष, निकुन्ज संरक्षण क्षेत्रको प्रवेश शुल्क, चिडियाखाना प्रवेश शुल्क, वनस्पतिसम्वन्धी अन्य आम्दानी, नहर वरिपरीको घाँस बिक्रि र सो सम्वन्धि दण्ड,जरिवाना वापत राजस्व बाँडफाँड मार्फत प्राप्त रकम यसमा पर्दछ |",,0,0,,,
84,14172,1,,खानी रोयल्टी,f,f,f,f,0,t,,,,,,,t,1,,,,82,,f,1,,0,0,,"खानी खोद्रे अनुमतिपत्र दस्तुर, सर्वेक्षण दस्तुर , आयोजना (प्रोजेक्ट ) लाइ ढुंगा बिक्रि गर्दा आएको रकम,खानीको रोयल्टी , खानीमा जाने गाडी आवत जावतको इजाजतपत्र वापत राजस्व बाँडफाँड मार्फत प्राप्त रकम यसमा पर्दछ |",,0,0,,,
85,14173,1,,जलस्रोत रोयल्टी,f,f,f,f,0,t,,,,,,,t,1,,,,82,,f,1,,0,0,,"जलस्रोत क्षेत्रबाट प्राप्त रोयल्टी,विधुत उत्पादन शुल्क,विधुत उत्पादन इजाजत पत्र दस्तुर र नबिकरण दस्तुर, विधुत उत्पादन, प्रसारण र वितरणको सर्वेक्षण अनुमति पत्र दस्तुर तथा सोको नवीकरण दस्तुर, विद्युत बिक्रि आयोजना बिक्रि, जलस्रोत सम्वन्धि सम्पूर्ण आय र सो सम्वन्धि दण्ड जरिवाना बापत राजस्व बाँडफाँड मार्फत प्राप्त रकम यसमा पर्दछ |",,0,0,,,
86,14174,1,,पर्वतारोहण रोयल्टी,f,f,f,f,0,t,,,,,,,t,1,,,,82,,f,1,,0,0,,पर्वतारोहण बापत संकलन गरिने रोयल्टी दस्तुर यसमा पर्दछ |,,0,0,,,
87,14175,1,,पदयात्रा रोयल्टी,f,f,f,f,0,t,,,,,,,t,1,,,,82,,f,1,,0,0,,पदयात्रा बापत संकलन गरिने रोयल्टी दस्तुर यसमा पर्दछ |,,0,0,,,
88,14176,1,,पर्यटन सेवा शुल्क रोयल्टी,f,f,f,f,0,t,,,,,,,t,1,,,,82,,f,1,,0,0,,पर्यटनसेवा शुल्क रोयल्टी वापत संकलन गरिने रोयल्टी दस्तुर यसमा पर्दछ |,,0,0,,,
89,14177,1,,घरजग्गा रजिष्ट्रेशन,f,f,f,f,0,t,,,,,,,t,1,,,,82,,f,1,,0,0,,घरजग्गा रजिष्ट्रेशन बापत संकलन गरिने रोयल्टी दस्तुर यसमा पर्दछ |,,0,0,,,
90,14178,1,,सवारी साधन कर,f,f,f,f,0,t,,,,,,,t,1,,,,82,,f,1,,0,0,,सवारी साधन कर संकलन गरी बाँडफाँड भएर प्राप्त हुने कर यसमा पर्दछ |,,0,0,,,
91,14179,1,,अन्य बाँडफाँड हुने राजस्व,f,f,f,f,0,t,,,,,,,t,1,,,,82,,f,1,,0,0,,अन्य बांडफांड हुने राजस्व वापात संकलन गरिने रोयल्टी दस्तुर यसमा पर्दछ |,,0,0,,,
128,14522,1,,साना सवारी कर,f,f,f,f,0,t,,,,,,,t,1,,,,126,,f,1,,0,0,,"14168 मा परेको बाहेक इन्जिन जडान  नभएका  टाँगा , रिक्सा, अटोरिक्सा लगायतका सवारी साधन ,केबलकार तथा डुंगा सञ्चालनमा लाग्ने शुल्क यसमा समावेश गरिन्छ ।",,0,0,,,
3197,11100,1,,"आय, मुनाफा तथा पूँजीगत लाभमा लाग्ने कर",f,t,f,f,0,t,,,,,,,f,1,,,,2,,f,1,,0,0,,,,0,0,,,
3198,11130,1,,लगानीको आय तथा अन्य आयमा लाग्ने कर,f,t,f,f,0,t,,,,,,,f,1,,,,3197,,f,1,,0,0,,,,0,0,,,
3199,11131,1,,"सम्पत्ती, बहाल तथा पट्टा वापतको आयमा लाग्ने कर",f,t,f,f,0,t,,,,,,,f,1,,,,3198,,f,1,,0,0,,,,0,0,,,
3200,11315,1,,घरजग्गा रजिष्ट्रेशन दस्तुर,f,t,f,f,0,t,,,,,,,f,1,,,,4,,f,1,,0,0,,,,0,0,,,
3201,11419,1,,बाँडफाँड हुने बाहेक अन्य स्रोतबाट प्राप्त मूल्य अभिबृद्धि कर,f,t,f,f,0,t,,,,,,,f,1,,,,15,,f,1,,0,0,,,,0,0,,,
3202,11456,1,,बाँडफाँडबाट प्राप्त हुने सवारी साधन कर,f,t,f,f,0,t,,,,,,,f,1,,,,23,,f,1,,0,0,,,,0,0,,,
3206,13241,1,,अन्य वैदेशिक पूँजीगत अनुदान,f,t,f,f,0,t,,,,,,,f,1,,,,,,f,1,,0,0,,,,0,0,,,
3207,13316,1,,समपुरक अनुदान चालु,f,t,f,f,0,t,,,,,,,f,1,,,,55,,f,1,,0,0,,,,0,0,,,
3208,13317,1,,समपुरक अनुदान पूँजीगत,f,t,f,f,0,t,,,,,,,f,1,,,,55,,f,1,,0,0,,,,0,0,,,
3209,13318,1,,अन्य अनुदान चालु,f,t,f,f,0,t,,,,,,,f,1,,,,55,,f,1,,0,0,,,,0,0,,,
3210,13319,1,,अन्य अनुदान पूँजीगत,f,t,f,f,0,t,,,,,,,f,1,,,,55,,f,1,,0,0,,,,0,0,,,
3211,13400,1,,अन्य आन्तरिक अनुदान,f,t,f,f,0,t,,,,,,,f,1,,,,41,,f,1,,0,0,,,,0,0,,,
3224,14260,1,,अन्य प्रशासनिक सेवा शुल्क,f,t,f,f,0,t,,,,,,,f,1,,,,92,,f,1,,0,0,,,,0,0,,,
3225,14262,1,,विद्युत सम्बन्धी दस्तुर,f,t,f,f,0,t,,,,,,,f,1,,,,3224,,f,1,,0,0,,,,0,0,,,
3226,14263,1,,जलस्रोत सम्बन्धी अन्य दस्तुर,f,t,f,f,0,t,,,,,,,f,1,,,,3224,,f,1,,0,0,,,,0,0,,,
3227,14265,1,,अन्य क्षेत्रको आय,f,t,f,f,0,t,,,,,,,f,1,,,,3224,,f,1,,0,0,,,,0,0,,,
3230,14611,1,,व्यवसाय कर,f,t,f,f,0,t,,,,,,,f,1,,,,,,f,1,,0,0,,,,0,0,,,
3231,15112,1,,निकासा फिर्ता,f,t,f,f,0,t,,,,,,,f,1,,,,134,,f,1,,0,0,,,,0,0,,,
3232,15113,1,,अनुदान फिर्ता,f,t,f,f,0,t,,,,,,,f,1,,,,134,,f,1,,0,0,,,,0,0,,,
3228,14313,1,dhrauti ,धरौटी सदरस्याहा,f,t,f,f,0,t,,,1001,,,,f,1,,,,115,,t,1,,0,0,,,,0,0,,,
430,new_unmapp_income,1,,new unmapp income Account,f,f,f,f,0,t,,,,,,,t,1,,,,1,,f,1,,0,0,,new unmapp income,,0,0,,,
3203,13230,1,,अन्य वैदेशिक चालु अनुदान,f,t,f,f,0,t,,,,,,,t,1,,,,,,f,1,,0,0,,,,0,0,,,
3204,13231,1,,अन्य वैदेशिक चालु अनुदान,f,t,f,f,0,t,,,,,,,t,1,,,,,,f,1,,0,0,,,,0,0,,,
3205,13240,1,,अन्य वैदेशिक पूँजीगत अनुदान,f,t,f,f,0,t,,,,,,,t,1,,,,,,f,1,,0,0,,,,0,0,,,
3229,14610,1,,व्यवसाय कर,f,t,f,f,0,t,,,,,,,f,1,,,,,,f,1,,0,0,,,,0,0,,,
116,14311,1,nyanik,"न्यायिक दण्ड ,जरिवाना र जफत",f,f,f,f,0,t,,,1001,,,,f,1,,,,115,,t,1,,0,0,,"अदालतको निर्णयबाट लिइएको  दण्ड जरिवाना , जफत बापतको रकम यसमा जम्मा गर्नु पर्दछ ।",,0,0,,,
3309,32124,1,,ईसेवा,f,f,f,f,0,t,,,,,,,f,1,,,,348,,f,2,,0,0,,eSewa,,0,0,,,
3310,32125,1,,खल्ती,f,f,f,f,0,t,,,,,,,f,1,,,,348,,f,2,,0,0,,Khalti,,0,0,,,
3311,32126,1,,आइमई,f,f,f,f,0,t,,,,,,,f,1,,,,348,,f,2,,0,0,,IME,,0,0,,,
3312,32127,1,,सेलपे,f,f,f,f,0,t,,,,,,,f,1,,,,348,,f,2,,0,0,,CellPay,,0,0,,,
3313,321201,1,Cheque Amount,दाखिला हुन बाँकी चेक,f,t,t,f,0,t,,,,,,,f,1,,,,348,,f,2,,0,0,,,,0,0,,,
3314,223111,1,bank dastur,बैंक दस्तुर,f,t,t,f,0,t,,,,,,,f,1,,,,190,,f,3,,0,0,,,,0,0,,,
10,11321,1,rental account,घर / जग्गा वहाल कर,f,f,f,f,0,t,,,1001,,,,f,1,,,,9,,f,1,,0,0,,"स्थानीय तहको क्षेत्रभित्र रहेका स्थायी संरचनाहरु (जस्तै घर, गोदाम,कम्प्लेस आदी ) भाडामा लगाउदा प्रप्त आयमा लाग्ने करहरु यसमा पर्दछ ।",,0,0,,,
